UserID,SurveyID,SurveyType,ResponseTime,ResponseDateTime,Rating,SurveyTitle,Keywords
U230,S0001,Agriculture,31,2023-12-22 11:48:50,5,Soil Health,"lose, reflect, position"
U078,S0002,Social Science,59,2024-11-19 16:02:22,5,Social Behavior,"argue, person, camera"
U234,S0003,Healthcare,10,2024-06-26 17:17:42,5,Treatment Outcomes,"forget, behind, us"
U269,S0004,Automobile,41,2024-06-21 08:00:04,5,Electric Vehicle Adoption,"something, human, traditional"
U076,S0005,Environment,16,2024-02-04 22:25:26,4,Sustainability Practices,"budget, less, stock"
U131,S0006,Automobile,44,2024-07-24 07:56:52,2,Customer Preferences,"level, this, central"
U055,S0007,Automobile,34,2024-07-18 23:01:35,1,Customer Preferences,"build, professor, late"
U080,S0008,Business/Marketing,35,2023-12-30 08:31:20,5,Product Feedback,"brother, professor, if"
U193,S0009,Healthcare,13,2024-09-29 02:22:11,4,Treatment Outcomes,"director, song, ground"
U111,S0010,Information Technology,55,2024-10-27 06:29:52,3,Cybersecurity Awareness,"have, who, blue"
U182,S0011,Automobile,60,2024-12-09 17:06:13,2,Customer Preferences,"go, during, attention"
U246,S0012,Business/Marketing,33,2023-12-17 08:10:35,2,Consumer Behavior,"more, expert, could"
U121,S0013,Information Technology,26,2024-02-29 22:06:38,5,AI Adoption,"election, apply, him"
U271,S0014,Business/Marketing,25,2024-07-26 11:39:09,4,Brand Awareness,"anything, right, clear"
U179,S0015,Education,41,2024-09-21 00:13:02,5,Student Engagement,"message, especially, well"
U251,S0016,Information Technology,30,2024-04-04 02:34:15,2,Artificial Intelligence,"dog, likely, upon"
U151,S0017,Environment,36,2024-05-05 15:15:26,5,Sustainability Practices,"condition, father, face"
U112,S0018,Automobile,53,2024-07-12 09:02:51,1,Customer Preferences,"price, later, direction"
U152,S0019,Business/Marketing,55,2024-05-16 16:25:37,3,Product Feedback,"edge, member, front"
U253,S0020,Education,31,2024-11-02 16:30:48,5,Student Engagement,"choice, professor, matter"
U066,S0021,Information Technology,36,2024-10-23 10:00:36,3,AI Adoption,"tree, suggest, bit"
U261,S0022,Information Technology,6,2024-04-15 11:57:31,2,Artificial Intelligence,"action, now, win"
U003,S0023,Automobile,8,2024-05-24 00:31:13,2,Safety Features,"meet, still, fall"
U155,S0024,Agriculture,28,2024-03-13 05:56:53,1,Soil Health,"million, lose, home"
U128,S0025,Information Technology,18,2024-04-28 20:09:52,4,Cybersecurity,"bit, ten, safe"
U224,S0026,Environment,40,2024-09-27 08:04:02,5,Renewable Energy,"president, wear, store"
U097,S0027,Agriculture,6,2024-05-18 04:52:07,4,Pest Control,"table, too, chance"
U177,S0028,Social Science,20,2024-12-08 20:37:36,5,Public Opinion,"child, oil, ready"
U142,S0029,Agriculture,37,2024-06-08 16:16:41,3,Pest Control,"final, significant, coach"
U212,S0030,Automobile,47,2024-01-29 13:42:28,1,Fuel Efficiency,"executive, miss, country"
U053,S0031,Information Technology,34,2024-05-16 19:22:48,2,Cybersecurity,"actually, lay, say"
U268,S0032,Social Science,7,2023-12-17 09:00:34,1,Social Behavior,"measure, allow, toward"
U238,S0033,Social Science,20,2024-09-08 07:50:33,2,Social Behavior,"popular, wear, fish"
U017,S0034,Information Technology,5,2024-02-18 15:25:16,4,Cybersecurity,"chair, still, organization"
U269,S0035,Automobile,33,2024-07-04 18:55:49,3,Fuel Efficiency,"information, require, bar"
U014,S0036,Automobile,16,2024-10-02 15:15:18,4,Electric Vehicle Adoption,"they, home, customer"
U235,S0037,Environment,57,2024-08-05 19:39:42,2,Sustainability Practices,"west, stand, season"
U234,S0038,Agriculture,47,2024-03-02 19:52:31,4,Crop Yield Methods,"wear, the, determine"
U056,S0039,Business/Marketing,40,2024-04-06 02:47:20,2,Market Trends,"at, low, drop"
U154,S0040,Environment,37,2024-11-22 20:04:05,5,Waste Management,"doctor, name, beyond"
U174,S0041,Business/Marketing,33,2024-03-25 22:06:29,5,Market Trends,"cost, eat, character"
U229,S0042,Agriculture,22,2024-08-30 19:42:17,5,Pest Control,"anything, reason, general"
U075,S0043,Agriculture,60,2024-08-02 17:15:32,1,Soil Health,"lose, increase, level"
U091,S0044,Education,45,2024-08-04 20:51:38,1,Learning Methods,"night, guy, listen"
U201,S0045,Agriculture,44,2024-09-18 22:59:55,1,Crop Yield Methods,"might, trade, speech"
U116,S0046,Agriculture,40,2024-06-13 19:53:06,2,Pest Control,"mission, TV, culture"
U214,S0047,Automobile,23,2024-03-19 07:39:20,2,Customer Preferences,"military, speech, view"
U217,S0048,Agriculture,11,2024-01-22 14:40:45,5,Crop Yield Methods,"from, consumer, senior"
U090,S0049,Education,27,2024-02-11 15:17:14,5,Teacher Feedback,"step, perhaps, will"
U212,S0050,Automobile,38,2024-06-11 09:18:36,5,Fuel Efficiency,"wife, night, city"
U245,S0051,Social Science,30,2024-10-02 01:07:30,3,Cultural Studies,"statement, stay, society"
U049,S0052,Agriculture,29,2024-10-14 21:06:09,1,Farming Techniques,"carry, push, turn"
U238,S0053,Education,44,2023-12-28 06:57:38,2,Student Engagement,"yes, short, past"
U005,S0054,Social Science,58,2024-01-21 07:16:38,5,Community Development,"money, exactly, assume"
U041,S0055,Information Technology,41,2024-09-28 12:38:03,5,Machine Learning,"mother, push, reduce"
U195,S0056,Social Science,59,2024-10-26 02:33:54,2,Cultural Studies,"player, morning, bag"
U162,S0057,Healthcare,25,2024-08-27 22:14:52,4,Treatment Outcomes,"TV, begin, fine"
U198,S0058,Healthcare,30,2024-11-03 04:49:03,4,Public Health Awareness,"response, skin, difference"
U051,S0059,Education,39,2024-04-23 23:13:50,2,Teacher Feedback,"important, artist, before"
U258,S0060,Automobile,30,2023-12-27 07:07:19,1,Safety Features,"black, hundred, move"
U105,S0061,Automobile,21,2024-03-04 06:49:22,3,Customer Preferences,"matter, article, standard"
U194,S0062,Healthcare,10,2024-01-16 21:45:47,5,Mental Health,"short, under, enough"
U189,S0063,Agriculture,51,2024-05-03 21:14:00,5,Soil Health,"apply, per, beyond"
U250,S0064,Education,6,2024-09-24 18:20:14,3,Student Engagement,"sister, option, knowledge"
U284,S0065,Business/Marketing,10,2024-10-15 04:31:08,1,Product Feedback,"again, blue, little"
U172,S0066,Automobile,34,2024-02-14 12:23:20,5,Electric Vehicle Adoption,"direction, prevent, kitchen"
U222,S0067,Social Science,35,2024-07-29 03:02:50,3,Cultural Studies,"nothing, event, hope"
U269,S0068,Agriculture,38,2024-07-08 14:22:19,4,Crop Yield Methods,"behavior, author, Mrs"
U283,S0069,Business/Marketing,54,2024-05-01 15:49:52,4,Market Trends,"car, yourself, six"
U199,S0070,Environment,18,2024-12-10 09:58:12,1,Waste Management,"idea, model, full"
U191,S0071,Automobile,57,2024-02-21 16:31:54,1,Safety Features,"else, two, evening"
U262,S0072,Healthcare,56,2024-03-19 07:39:48,4,Public Health Awareness,"public, foot, according"
U287,S0073,Education,17,2024-05-28 06:46:26,2,Curriculum Effectiveness,"today, address, recognize"
U089,S0074,Social Science,57,2024-10-17 20:32:33,5,Social Behavior,"skill, cover, particular"
U037,S0075,Healthcare,12,2024-04-11 15:07:43,2,Patient Satisfaction,"special, how, project"
U152,S0076,Environment,33,2024-05-16 20:04:19,5,Climate Change Impact,"recent, return, economy"
U211,S0077,Agriculture,33,2024-11-10 01:13:28,5,Crop Yield Methods,"attack, behavior, film"
U088,S0078,Healthcare,11,2024-11-19 02:45:41,4,Treatment Outcomes,"next, not, career"
U275,S0079,Information Technology,35,2024-03-22 06:12:23,5,Cybersecurity Awareness,"my, fire, still"
U274,S0080,Education,53,2024-05-09 22:09:55,4,Learning Methods,"teach, history, outside"
U132,S0081,Agriculture,20,2024-01-21 10:47:29,5,Soil Health,"writer, keep, question"
U249,S0082,Healthcare,18,2024-05-12 18:04:51,5,Treatment Outcomes,"scientist, lead, deal"
U198,S0083,Agriculture,13,2024-05-26 09:43:16,2,Farming Techniques,"plan, over, explain"
U155,S0084,Agriculture,34,2024-11-01 18:04:44,4,Soil Health,"according, of, nature"
U133,S0085,Business/Marketing,31,2024-06-22 11:37:06,1,Market Trends,"pretty, sound, best"
U021,S0086,Agriculture,9,2024-03-04 02:00:47,5,Crop Yield Methods,"ever, summer, professor"
U049,S0087,Healthcare,39,2024-04-07 05:39:59,4,Treatment Outcomes,"others, accept, challenge"
U003,S0088,Environment,14,2024-04-15 03:04:28,3,Waste Management,"name, article, pick"
U229,S0089,Business/Marketing,60,2024-03-09 11:26:07,3,Consumer Behavior,"family, difference, college"
U232,S0090,Education,26,2024-02-29 17:05:59,3,Teacher Feedback,"language, medical, design"
U214,S0091,Agriculture,56,2024-07-24 17:19:58,3,Farming Techniques,"structure, white, within"
U028,S0092,Environment,47,2024-06-13 18:57:06,2,Renewable Energy,"large, car, glass"
U056,S0093,Business/Marketing,21,2024-05-13 15:17:00,1,Product Feedback,"window, walk, tree"
U194,S0094,Healthcare,59,2024-01-26 00:34:27,4,Patient Satisfaction,"power, coach, front"
U263,S0095,Environment,47,2024-07-24 07:42:20,1,Renewable Energy,"energy, those, painting"
U020,S0096,Education,31,2024-04-25 04:52:36,1,Teacher Feedback,"leg, know, red"
U138,S0097,Healthcare,9,2024-01-16 14:09:12,4,Patient Satisfaction,"consumer, well, bar"
U040,S0098,Social Science,58,2024-10-18 01:04:27,5,Social Behavior,"hour, answer, drop"
U158,S0099,Business/Marketing,39,2024-11-02 01:49:43,5,Brand Awareness,"ground, still, among"
U196,S0100,Information Technology,15,2024-05-11 00:40:31,4,Data Science,"order, difference, pressure"
U016,S0101,Business/Marketing,41,2024-01-26 18:07:27,1,Market Trends,"data, late, itself"
U007,S0102,Healthcare,5,2024-02-28 03:36:42,2,Mental Health,"nearly, hand, remember"
U270,S0103,Environment,47,2024-09-09 02:59:18,3,Renewable Energy,"shake, in, tax"
U272,S0104,Business/Marketing,24,2024-04-01 09:04:50,2,Consumer Behavior,"relationship, line, none"
U170,S0105,Information Technology,16,2024-11-20 19:49:41,5,Data Science,"likely, lose, me"
U125,S0106,Automobile,35,2024-06-08 05:54:51,1,Safety Features,"certain, blood, speech"
U168,S0107,Healthcare,46,2024-10-02 23:13:04,4,Treatment Outcomes,"size, lead, music"
U100,S0108,Information Technology,20,2024-09-17 12:52:23,3,Software Usability,"life, factor, much"
U094,S0109,Education,50,2024-01-25 21:53:48,3,Teacher Feedback,"crime, ok, single"
U201,S0110,Healthcare,43,2024-10-15 16:53:37,5,Mental Health,"entire, national, save"
U097,S0111,Business/Marketing,16,2024-10-17 08:38:40,3,Consumer Behavior,"trial, able, able"
U057,S0112,Agriculture,13,2024-05-29 19:04:32,4,Farming Techniques,"pull, role, son"
U190,S0113,Automobile,28,2024-04-04 05:05:02,5,Safety Features,"green, natural, head"
U084,S0114,Agriculture,34,2024-09-27 20:20:37,3,Soil Health,"contain, score, finish"
U194,S0115,Agriculture,18,2024-01-17 19:51:23,4,Pest Control,"network, clearly, experience"
U134,S0116,Automobile,16,2024-06-29 16:59:18,5,Customer Preferences,"rule, once, society"
U007,S0117,Education,27,2024-11-01 13:38:20,5,Student Engagement,"well, about, purpose"
U138,S0118,Education,12,2024-02-11 04:47:46,4,Student Engagement,"care, item, wrong"
U058,S0119,Business/Marketing,22,2024-08-19 17:03:04,1,Consumer Behavior,"left, home, box"
U287,S0120,Education,49,2024-11-19 01:24:04,2,Student Engagement,"down, whose, himself"
U033,S0121,Automobile,50,2023-12-24 18:16:54,1,Electric Vehicle Adoption,"prove, wonder, relationship"
U061,S0122,Social Science,56,2024-09-09 07:30:57,2,Cultural Studies,"may, economy, blood"
U045,S0123,Environment,26,2024-06-09 22:33:04,4,Renewable Energy,"most, camera, water"
U194,S0124,Business/Marketing,14,2024-01-10 01:03:03,3,Product Feedback,"son, argue, organization"
U103,S0125,Business/Marketing,53,2024-08-06 13:40:44,3,Market Trends,"town, treatment, bag"
U068,S0126,Agriculture,9,2024-02-18 08:07:37,1,Soil Health,"strong, easy, over"
U242,S0127,Agriculture,17,2024-07-01 14:15:20,1,Crop Yield Methods,"lose, new, himself"
U189,S0128,Business/Marketing,21,2024-01-30 13:52:47,1,Market Trends,"themselves, plant, animal"
U031,S0129,Education,50,2024-07-14 00:39:50,2,Teacher Feedback,"break, side, heart"
U212,S0130,Social Science,33,2024-03-05 01:18:55,4,Community Development,"discuss, use, daughter"
U218,S0131,Business/Marketing,54,2024-10-16 12:25:11,5,Product Feedback,"late, thus, suggest"
U171,S0132,Business/Marketing,58,2024-11-17 22:37:12,4,Consumer Behavior,"pattern, full, out"
U227,S0133,Environment,17,2024-09-08 21:10:17,2,Renewable Energy,"billion, right, tough"
U093,S0134,Healthcare,29,2024-08-01 12:07:14,5,Patient Satisfaction,"gun, campaign, quality"
U089,S0135,Business/Marketing,46,2024-04-09 16:09:42,2,Consumer Behavior,"street, full, service"
U299,S0136,Social Science,45,2024-10-25 11:59:08,5,Community Development,"natural, finally, body"
U054,S0137,Healthcare,24,2024-08-06 14:58:45,2,Treatment Outcomes,"stand, without, necessary"
U122,S0138,Business/Marketing,43,2024-02-17 04:44:32,2,Consumer Behavior,"air, collection, animal"
U029,S0139,Automobile,5,2024-09-08 10:23:54,4,Customer Preferences,"admit, near, page"
U132,S0140,Automobile,14,2024-01-01 14:17:08,3,Safety Features,"property, media, magazine"
U131,S0141,Information Technology,16,2024-12-08 11:31:06,1,Machine Learning,"statement, carry, chair"
U154,S0142,Business/Marketing,52,2024-09-14 13:47:06,2,Brand Awareness,"rather, reality, every"
U178,S0143,Environment,58,2024-05-02 14:02:20,3,Renewable Energy,"old, about, majority"
U275,S0144,Automobile,34,2024-06-28 08:01:40,2,Safety Features,"particularly, high, your"
U294,S0145,Agriculture,33,2024-08-31 10:17:38,5,Pest Control,"hair, trade, any"
U146,S0146,Business/Marketing,48,2024-07-22 03:53:18,2,Brand Awareness,"act, hold, reduce"
U031,S0147,Environment,49,2024-11-02 02:08:31,5,Climate Change Impact,"month, drop, line"
U086,S0148,Healthcare,51,2024-09-17 03:35:31,3,Mental Health,"rise, sing, create"
U129,S0149,Education,27,2023-12-29 22:55:02,4,Curriculum Effectiveness,"at, against, travel"
U106,S0150,Environment,60,2024-03-16 23:27:36,4,Climate Change Impact,"join, and, future"
U084,S0151,Education,38,2024-07-21 05:55:01,2,Learning Methods,"and, bad, many"
U049,S0152,Education,41,2024-07-31 10:00:17,1,Student Engagement,"science, staff, process"
U210,S0153,Education,21,2024-09-13 09:39:55,5,Student Engagement,"hold, organization, simple"
U006,S0154,Business/Marketing,18,2024-06-11 04:46:35,4,Product Feedback,"president, general, development"
U058,S0155,Business/Marketing,34,2024-02-28 22:11:20,5,Market Trends,"blood, air, look"
U216,S0156,Education,46,2024-11-14 15:10:30,2,Teacher Feedback,"maybe, so, rich"
U249,S0157,Healthcare,13,2024-11-30 22:45:59,3,Patient Satisfaction,"or, power, blood"
U209,S0158,Information Technology,26,2024-05-27 00:01:52,4,AI Adoption,"he, size, heart"
U201,S0159,Environment,54,2023-12-22 00:51:55,5,Climate Change Impact,"example, help, personal"
U013,S0160,Healthcare,14,2024-11-06 18:19:38,2,Public Health Awareness,"attention, event, itself"
U268,S0161,Information Technology,42,2024-01-05 04:12:03,3,Software Engineering,"card, close, follow"
U113,S0162,Information Technology,21,2024-02-18 09:29:15,3,Machine Learning,"hair, history, sign"
U005,S0163,Healthcare,40,2024-10-26 20:31:46,5,Mental Health,"degree, pattern, every"
U192,S0164,Agriculture,45,2024-03-11 11:26:38,1,Pest Control,"service, Democrat, debate"
U206,S0165,Healthcare,50,2024-06-03 22:43:21,4,Treatment Outcomes,"important, find, team"
U222,S0166,Business/Marketing,15,2024-02-07 10:18:20,3,Product Feedback,"character, recognize, practice"
U181,S0167,Agriculture,15,2024-11-09 19:40:43,3,Farming Techniques,"people, young, dog"
U216,S0168,Business/Marketing,5,2024-04-14 19:06:51,4,Consumer Behavior,"machine, point, wall"
U291,S0169,Automobile,23,2024-01-22 18:45:32,2,Customer Preferences,"idea, whose, piece"
U062,S0170,Social Science,57,2024-10-27 08:19:13,5,Cultural Studies,"scene, star, necessary"
U162,S0171,Automobile,14,2024-05-11 17:32:03,2,Electric Vehicle Adoption,"develop, alone, eye"
U131,S0172,Automobile,54,2024-05-03 09:37:45,4,Safety Features,"effect, marriage, story"
U219,S0173,Environment,24,2024-03-14 15:23:27,2,Sustainability Practices,"pressure, gun, red"
U234,S0174,Environment,60,2024-11-06 21:12:09,3,Renewable Energy,"capital, character, source"
U033,S0175,Education,26,2024-11-14 06:31:17,1,Teacher Feedback,"base, loss, game"
U103,S0176,Healthcare,53,2024-02-15 15:18:36,3,Public Health Awareness,"heart, national, north"
U068,S0177,Healthcare,33,2024-05-01 14:49:45,4,Patient Satisfaction,"officer, include, get"
U079,S0178,Business/Marketing,48,2024-04-07 09:49:05,3,Consumer Behavior,"senior, develop, ability"
U029,S0179,Business/Marketing,8,2024-03-31 04:15:19,5,Market Trends,"form, mean, radio"
U196,S0180,Information Technology,41,2024-09-16 00:08:45,1,Software Usability,"response, ok, color"
U290,S0181,Information Technology,12,2024-02-27 22:26:09,5,Software Engineering,"today, pressure, training"
U219,S0182,Social Science,48,2024-04-22 02:48:05,1,Community Development,"test, investment, others"
U258,S0183,Information Technology,57,2024-04-26 15:02:43,3,Cybersecurity Awareness,"fall, bar, red"
U272,S0184,Healthcare,11,2023-12-30 23:43:58,1,Public Health Awareness,"thus, exactly, garden"
U027,S0185,Automobile,46,2024-10-24 13:23:55,4,Customer Preferences,"first, effort, poor"
U110,S0186,Automobile,45,2024-08-19 13:07:33,3,Safety Features,"tree, wall, event"
U241,S0187,Automobile,43,2024-06-01 17:57:01,3,Fuel Efficiency,"painting, least, late"
U164,S0188,Education,59,2024-06-12 01:23:20,1,Curriculum Effectiveness,"catch, price, news"
U112,S0189,Agriculture,19,2024-04-10 07:41:52,5,Soil Health,"miss, clear, understand"
U061,S0190,Healthcare,5,2023-12-27 14:23:00,4,Mental Health,"nothing, money, arm"
U032,S0191,Information Technology,24,2024-11-30 04:01:51,4,Software Engineering,"spend, capital, lead"
U168,S0192,Business/Marketing,36,2024-03-14 13:46:35,3,Product Feedback,"inside, significant, again"
U044,S0193,Information Technology,7,2024-02-21 02:07:04,1,Software Engineering,"event, edge, thus"
U045,S0194,Healthcare,11,2023-12-28 00:03:09,5,Mental Health,"whether, far, car"
U159,S0195,Business/Marketing,54,2023-12-14 04:57:04,1,Brand Awareness,"past, reason, cultural"
U167,S0196,Information Technology,16,2024-05-02 18:53:32,5,Cybersecurity Awareness,"tell, suggest, live"
U090,S0197,Agriculture,13,2024-09-11 14:11:14,1,Soil Health,"range, table, same"
U030,S0198,Automobile,25,2024-03-08 13:24:04,1,Safety Features,"work, state, appear"
U163,S0199,Automobile,52,2024-08-20 18:25:49,5,Fuel Efficiency,"activity, Democrat, firm"
U008,S0200,Environment,13,2024-07-30 15:05:39,1,Sustainability Practices,"baby, stuff, subject"
U280,S0201,Social Science,5,2024-09-29 23:39:53,1,Social Behavior,"job, similar, alone"
U213,S0202,Environment,12,2024-11-28 22:00:50,2,Sustainability Practices,"across, themselves, unit"
U231,S0203,Healthcare,35,2024-05-31 21:37:45,1,Public Health Awareness,"law, play, strategy"
U151,S0204,Information Technology,33,2024-09-15 14:04:23,3,Cybersecurity,"religious, management, simply"
U275,S0205,Healthcare,31,2024-08-18 13:40:16,1,Patient Satisfaction,"wall, police, international"
U019,S0206,Social Science,38,2024-09-26 23:35:26,4,Social Behavior,"two, state, condition"
U006,S0207,Healthcare,10,2024-05-26 01:25:01,5,Patient Satisfaction,"clearly, fish, these"
U011,S0208,Healthcare,20,2024-01-05 23:27:57,5,Mental Health,"job, true, she"
U030,S0209,Education,10,2024-05-13 01:32:47,4,Curriculum Effectiveness,"sell, remember, size"
U023,S0210,Agriculture,59,2023-12-13 14:56:27,1,Soil Health,"thought, too, west"
U184,S0211,Agriculture,54,2024-03-31 06:13:52,2,Pest Control,"modern, edge, fund"
U046,S0212,Automobile,47,2024-01-03 10:15:42,4,Safety Features,"billion, marriage, have"
U016,S0213,Healthcare,7,2024-06-13 17:57:57,5,Patient Satisfaction,"little, statement, remember"
U098,S0214,Automobile,14,2024-02-17 06:48:26,2,Electric Vehicle Adoption,"ok, by, easy"
U037,S0215,Healthcare,59,2024-07-27 22:27:58,3,Mental Health,"plant, raise, animal"
U095,S0216,Automobile,48,2023-12-28 20:04:53,5,Customer Preferences,"go, person, situation"
U055,S0217,Healthcare,43,2024-10-22 13:10:00,5,Public Health Awareness,"her, page, start"
U186,S0218,Education,34,2024-09-08 09:00:17,2,Student Engagement,"key, modern, large"
U105,S0219,Information Technology,26,2024-01-05 14:40:10,2,Cybersecurity Awareness,"us, else, capital"
U130,S0220,Social Science,12,2024-12-08 15:05:03,4,Social Behavior,"tell, book, far"
U117,S0221,Agriculture,39,2024-03-29 12:07:30,1,Farming Techniques,"shake, protect, want"
U144,S0222,Healthcare,39,2024-05-16 08:27:09,1,Patient Satisfaction,"suddenly, several, anything"
U111,S0223,Information Technology,58,2024-07-24 18:43:46,5,Artificial Intelligence,"place, center, fall"
U117,S0224,Environment,6,2024-04-21 19:13:23,2,Climate Change Impact,"issue, action, side"
U148,S0225,Agriculture,46,2024-10-08 22:34:16,5,Pest Control,"natural, director, return"
U248,S0226,Business/Marketing,56,2024-05-21 20:07:49,4,Consumer Behavior,"instead, hear, station"
U075,S0227,Environment,57,2024-01-10 14:19:23,3,Climate Change Impact,"under, land, their"
U059,S0228,Healthcare,24,2024-06-03 12:14:46,3,Patient Satisfaction,"civil, because, education"
U016,S0229,Social Science,48,2024-05-19 14:33:49,5,Social Behavior,"bar, decade, decision"
U084,S0230,Education,58,2024-01-24 18:29:13,3,Learning Methods,"such, develop, society"
U186,S0231,Education,39,2024-03-20 08:44:38,1,Learning Methods,"visit, itself, sport"
U028,S0232,Automobile,29,2024-07-23 14:35:27,2,Fuel Efficiency,"local, green, born"
U204,S0233,Healthcare,28,2024-09-07 22:14:41,5,Patient Satisfaction,"meeting, parent, simple"
U079,S0234,Business/Marketing,33,2024-10-09 11:51:46,2,Market Trends,"move, about, available"
U187,S0235,Information Technology,5,2024-01-11 01:32:51,1,Software Engineering,"piece, pass, some"
U198,S0236,Environment,22,2024-03-17 01:41:59,4,Sustainability Practices,"hear, talk, speak"
U281,S0237,Social Science,50,2024-05-20 11:35:03,2,Cultural Studies,"girl, defense, leg"
U228,S0238,Social Science,7,2024-06-10 06:19:16,1,Public Opinion,"evidence, magazine, thought"
U087,S0239,Education,7,2023-12-21 02:55:18,5,Learning Methods,"week, cell, idea"
U118,S0240,Agriculture,39,2024-02-02 07:01:15,3,Farming Techniques,"old, industry, dog"
U088,S0241,Business/Marketing,36,2024-07-19 09:58:37,3,Product Feedback,"series, ahead, lose"
U231,S0242,Automobile,27,2024-11-01 06:19:19,5,Fuel Efficiency,"crime, change, live"
U212,S0243,Social Science,28,2024-12-07 23:24:48,1,Community Development,"available, doctor, court"
U295,S0244,Agriculture,33,2024-04-22 15:40:15,5,Farming Techniques,"reveal, official, change"
U041,S0245,Business/Marketing,35,2024-03-25 02:30:11,1,Product Feedback,"play, likely, risk"
U086,S0246,Business/Marketing,5,2024-07-31 19:55:41,3,Product Feedback,"poor, phone, surface"
U032,S0247,Automobile,57,2024-04-16 02:33:08,3,Fuel Efficiency,"over, current, meet"
U090,S0248,Environment,38,2024-11-27 23:26:00,1,Waste Management,"address, believe, purpose"
U094,S0249,Social Science,37,2024-05-15 09:25:00,5,Cultural Studies,"age, weight, force"
U174,S0250,Environment,46,2024-04-26 08:42:47,2,Renewable Energy,"be, away, record"
U002,S0251,Social Science,59,2024-12-06 08:19:35,5,Community Development,"hair, page, degree"
U164,S0252,Social Science,50,2024-01-22 00:08:18,2,Cultural Studies,"half, stop, most"
U276,S0253,Social Science,35,2024-02-28 03:09:58,5,Social Behavior,"next, begin, program"
U252,S0254,Agriculture,36,2024-07-10 20:10:49,5,Crop Yield Methods,"field, rule, billion"
U147,S0255,Information Technology,59,2024-09-03 12:00:29,2,Artificial Intelligence,"rule, compare, someone"
U112,S0256,Automobile,13,2023-12-22 11:12:48,4,Fuel Efficiency,"probably, yeah, her"
U152,S0257,Education,53,2024-11-16 17:56:35,3,Curriculum Effectiveness,"stage, set, site"
U281,S0258,Healthcare,45,2024-05-05 10:09:25,5,Treatment Outcomes,"product, these, money"
U043,S0259,Social Science,56,2024-10-06 07:33:58,1,Community Development,"option, culture, sing"
U096,S0260,Information Technology,11,2024-03-14 19:15:10,1,AI Adoption,"successful, accept, receive"
U071,S0261,Healthcare,17,2024-04-30 04:27:16,2,Mental Health,"law, heart, statement"
U123,S0262,Social Science,51,2024-05-29 15:27:09,1,Social Behavior,"build, party, recognize"
U187,S0263,Environment,46,2024-03-07 08:12:49,1,Sustainability Practices,"seem, fund, relationship"
U239,S0264,Environment,52,2024-11-23 14:00:01,3,Waste Management,"something, now, deal"
U125,S0265,Social Science,24,2024-01-07 22:01:14,5,Public Opinion,"partner, star, someone"
U298,S0266,Education,11,2024-04-25 11:26:58,4,Curriculum Effectiveness,"draw, image, amount"
U132,S0267,Automobile,32,2024-10-20 13:10:13,3,Safety Features,"vote, clearly, condition"
U294,S0268,Information Technology,52,2024-08-10 17:57:34,2,Data Science,"seven, think, mission"
U176,S0269,Education,41,2024-03-18 16:57:18,3,Curriculum Effectiveness,"moment, career, born"
U143,S0270,Environment,26,2023-12-19 08:11:08,3,Waste Management,"well, her, continue"
U272,S0271,Education,22,2024-07-29 13:21:52,1,Curriculum Effectiveness,"improve, meet, nearly"
U250,S0272,Business/Marketing,56,2024-10-14 12:59:55,4,Consumer Behavior,"young, under, always"
U287,S0273,Social Science,15,2024-04-08 03:17:12,4,Community Development,"difference, effect, bank"
U253,S0274,Healthcare,60,2024-11-30 10:25:59,2,Mental Health,"parent, long, sport"
U259,S0275,Social Science,57,2024-09-02 09:17:24,1,Social Behavior,"result, reveal, behind"
U254,S0276,Environment,11,2023-12-13 17:20:53,4,Renewable Energy,"which, production, father"
U056,S0277,Automobile,50,2024-12-05 21:48:45,1,Safety Features,"idea, Democrat, analysis"
U200,S0278,Education,40,2024-04-23 02:59:13,5,Learning Methods,"senior, plant, hair"
U066,S0279,Business/Marketing,17,2024-01-13 16:30:06,4,Consumer Behavior,"military, wrong, never"
U195,S0280,Social Science,22,2024-03-24 11:38:21,3,Community Development,"song, work, performance"
U191,S0281,Automobile,29,2024-04-30 02:18:53,3,Electric Vehicle Adoption,"chair, five, anything"
U066,S0282,Education,18,2024-08-11 20:31:38,1,Student Engagement,"product, identify, that"
U018,S0283,Business/Marketing,20,2023-12-26 22:18:41,2,Consumer Behavior,"ask, answer, decide"
U241,S0284,Education,13,2024-03-12 00:53:10,3,Curriculum Effectiveness,"painting, believe, strong"
U161,S0285,Automobile,53,2024-03-09 04:33:02,2,Safety Features,"reflect, process, generation"
U007,S0286,Information Technology,49,2024-08-25 15:17:46,2,Cybersecurity,"exactly, agreement, others"
U256,S0287,Education,49,2024-08-26 18:19:19,3,Learning Methods,"leave, who, figure"
U001,S0288,Education,32,2024-08-26 19:52:23,2,Learning Methods,"better, all, fact"
U052,S0289,Information Technology,27,2024-02-26 01:08:27,1,Machine Learning,"product, positive, night"
U294,S0290,Healthcare,28,2024-05-23 09:25:18,1,Mental Health,"rest, too, decide"
U079,S0291,Information Technology,56,2024-08-11 18:50:49,1,Data Science,"movie, great, same"
U127,S0292,Automobile,54,2024-08-31 18:22:00,2,Safety Features,"mother, represent, point"
U295,S0293,Information Technology,23,2024-11-25 15:43:33,2,AI Adoption,"firm, right, attack"
U127,S0294,Automobile,41,2024-11-21 04:36:27,1,Fuel Efficiency,"human, environment, result"
U079,S0295,Environment,34,2024-03-20 10:22:45,1,Climate Change Impact,"result, learn, daughter"
U271,S0296,Business/Marketing,46,2024-10-18 16:17:46,2,Consumer Behavior,"floor, start, resource"
U248,S0297,Information Technology,28,2024-08-25 18:38:46,5,Cybersecurity,"window, spring, voice"
U065,S0298,Education,5,2024-06-13 15:37:35,2,Curriculum Effectiveness,"ahead, vote, prove"
U104,S0299,Education,5,2024-11-13 11:03:05,2,Student Engagement,"process, relationship, type"
U079,S0300,Education,11,2024-11-13 14:48:52,5,Student Engagement,"move, perhaps, south"
U205,S0301,Business/Marketing,46,2024-01-11 00:30:07,1,Product Feedback,"record, accept, coach"
U221,S0302,Agriculture,53,2024-09-03 15:55:11,2,Farming Techniques,"animal, sit, research"
U251,S0303,Information Technology,28,2024-09-16 13:58:18,2,Data Science,"modern, if, must"
U008,S0304,Automobile,30,2024-05-01 16:58:51,5,Fuel Efficiency,"green, season, trouble"
U225,S0305,Education,15,2024-08-12 18:43:27,1,Teacher Feedback,"action, push, series"
U161,S0306,Social Science,9,2024-04-15 04:06:34,3,Public Opinion,"mention, feel, education"
U177,S0307,Social Science,41,2024-11-19 23:41:03,4,Social Behavior,"return, look, ready"
U060,S0308,Automobile,46,2024-06-02 07:25:21,3,Customer Preferences,"hold, market, public"
U228,S0309,Automobile,5,2024-11-15 18:28:16,1,Electric Vehicle Adoption,"soldier, worry, prepare"
U121,S0310,Education,16,2024-02-09 14:32:49,1,Learning Methods,"health, catch, middle"
U012,S0311,Healthcare,57,2024-06-05 22:23:49,2,Treatment Outcomes,"about, door, agree"
U057,S0312,Social Science,28,2024-07-03 01:48:56,3,Public Opinion,"happen, third, late"
U019,S0313,Healthcare,35,2024-02-18 13:24:59,2,Patient Satisfaction,"firm, enjoy, resource"
U061,S0314,Information Technology,10,2024-10-03 05:29:33,2,Cybersecurity Awareness,"door, dinner, ahead"
U179,S0315,Social Science,11,2024-09-20 00:27:08,1,Public Opinion,"over, late, play"
U276,S0316,Healthcare,17,2024-07-26 14:19:11,3,Mental Health,"though, through, today"
U299,S0317,Business/Marketing,37,2024-11-15 09:31:25,5,Brand Awareness,"right, policy, reality"
U299,S0318,Healthcare,20,2023-12-20 08:47:52,4,Treatment Outcomes,"travel, difference, bill"
U011,S0319,Automobile,27,2024-01-16 16:34:00,3,Electric Vehicle Adoption,"apply, may, relationship"
U150,S0320,Business/Marketing,21,2024-04-18 04:16:16,3,Product Feedback,"song, one, threat"
U056,S0321,Education,30,2024-09-09 20:58:33,5,Curriculum Effectiveness,"health, development, travel"
U064,S0322,Healthcare,37,2024-09-15 02:00:55,1,Treatment Outcomes,"administration, image, read"
U033,S0323,Business/Marketing,16,2024-02-12 06:59:16,2,Brand Awareness,"result, particularly, think"
U234,S0324,Education,17,2024-04-02 02:20:16,3,Teacher Feedback,"candidate, boy, article"
U110,S0325,Education,58,2024-01-28 22:58:13,4,Teacher Feedback,"put, interest, heavy"
U150,S0326,Education,51,2024-12-11 21:14:20,5,Learning Methods,"trial, anyone, worker"
U042,S0327,Education,6,2024-01-23 00:02:32,2,Student Engagement,"data, crime, agency"
U112,S0328,Agriculture,60,2024-02-15 10:18:46,2,Crop Yield Methods,"hit, voice, avoid"
U156,S0329,Information Technology,21,2023-12-15 23:06:27,3,AI Adoption,"production, market, on"
U208,S0330,Environment,26,2024-05-01 05:33:03,5,Waste Management,"man, Democrat, case"
U243,S0331,Business/Marketing,18,2024-11-23 08:22:49,1,Market Trends,"society, as, continue"
U035,S0332,Agriculture,53,2024-04-09 09:30:23,5,Farming Techniques,"see, whole, street"
U253,S0333,Social Science,53,2024-04-08 07:25:40,2,Social Behavior,"go, though, full"
U087,S0334,Social Science,6,2024-08-15 20:09:56,1,Community Development,"stuff, effort, worry"
U012,S0335,Agriculture,26,2024-11-27 20:08:33,5,Pest Control,"seem, among, heavy"
U218,S0336,Automobile,33,2024-06-01 19:10:18,1,Safety Features,"those, attack, very"
U236,S0337,Education,9,2024-05-23 08:53:15,1,Curriculum Effectiveness,"power, institution, father"
U230,S0338,Business/Marketing,53,2024-10-10 14:56:22,1,Consumer Behavior,"success, able, letter"
U058,S0339,Information Technology,23,2024-10-06 07:19:03,2,Software Engineering,"rise, message, feel"
U043,S0340,Healthcare,44,2024-02-14 22:57:15,4,Treatment Outcomes,"important, somebody, task"
U157,S0341,Information Technology,6,2023-12-17 10:28:15,1,Artificial Intelligence,"security, set, involve"
U281,S0342,Healthcare,32,2024-11-25 07:46:01,3,Treatment Outcomes,"fish, however, necessary"
U047,S0343,Business/Marketing,29,2024-07-03 23:39:35,3,Consumer Behavior,"foot, black, heavy"
U160,S0344,Healthcare,5,2024-08-05 21:53:15,2,Public Health Awareness,"worker, mission, let"
U126,S0345,Automobile,59,2024-05-15 03:11:41,2,Fuel Efficiency,"but, brother, theory"
U262,S0346,Agriculture,39,2024-09-20 17:02:37,3,Crop Yield Methods,"something, personal, near"
U155,S0347,Agriculture,30,2024-01-21 07:16:34,1,Farming Techniques,"Congress, get, general"
U132,S0348,Social Science,51,2024-09-03 02:01:28,1,Cultural Studies,"throughout, movie, yard"
U072,S0349,Social Science,11,2024-01-03 07:54:11,3,Community Development,"trade, drop, travel"
U228,S0350,Automobile,36,2024-03-25 06:34:38,3,Safety Features,"argue, decade, Mr"
U290,S0351,Social Science,46,2024-10-19 21:19:09,3,Community Development,"seek, want, expect"
U108,S0352,Healthcare,22,2024-10-30 20:33:58,3,Patient Satisfaction,"kitchen, style, today"
U004,S0353,Environment,19,2024-08-03 13:53:00,4,Waste Management,"hot, former, you"
U233,S0354,Environment,43,2024-11-02 15:44:16,3,Waste Management,"from, myself, herself"
U256,S0355,Automobile,5,2024-11-27 07:58:09,4,Safety Features,"middle, level, situation"
U210,S0356,Healthcare,51,2024-07-11 18:21:31,3,Public Health Awareness,"machine, two, once"
U165,S0357,Healthcare,47,2024-07-26 21:57:57,3,Treatment Outcomes,"charge, by, adult"
U003,S0358,Agriculture,25,2024-05-23 22:12:41,2,Soil Health,"case, floor, international"
U243,S0359,Healthcare,47,2024-09-05 06:33:08,3,Treatment Outcomes,"establish, his, peace"
U179,S0360,Business/Marketing,52,2024-02-24 23:01:04,5,Market Trends,"away, dark, next"
U150,S0361,Social Science,59,2024-07-21 07:58:50,1,Public Opinion,"environment, allow, medical"
U298,S0362,Automobile,52,2024-01-28 12:02:06,1,Safety Features,"also, many, head"
U121,S0363,Environment,5,2024-09-22 01:20:16,1,Sustainability Practices,"far, draw, later"
U168,S0364,Healthcare,24,2024-10-09 13:38:31,2,Patient Satisfaction,"policy, report, name"
U148,S0365,Education,52,2024-04-10 18:34:30,5,Curriculum Effectiveness,"fish, eight, degree"
U280,S0366,Business/Marketing,36,2024-06-18 09:22:38,5,Brand Awareness,"right, other, after"
U183,S0367,Social Science,29,2024-05-07 13:37:35,5,Public Opinion,"face, from, so"
U073,S0368,Automobile,43,2024-10-09 01:54:15,5,Fuel Efficiency,"free, turn, range"
U199,S0369,Social Science,12,2024-07-04 02:09:57,5,Public Opinion,"save, as, rate"
U010,S0370,Automobile,17,2024-09-06 10:36:13,3,Customer Preferences,"they, drop, ready"
U168,S0371,Information Technology,33,2024-08-13 10:40:56,5,AI Adoption,"maintain, fly, finally"
U008,S0372,Automobile,24,2024-08-24 18:06:07,4,Fuel Efficiency,"civil, discover, attack"
U007,S0373,Business/Marketing,17,2024-11-13 13:19:49,5,Market Trends,"smile, nor, voice"
U158,S0374,Business/Marketing,45,2024-01-31 14:22:26,1,Consumer Behavior,"maintain, billion, president"
U062,S0375,Information Technology,34,2024-05-26 08:44:00,3,AI Adoption,"hold, five, most"
U039,S0376,Business/Marketing,41,2024-04-21 08:01:14,1,Product Feedback,"challenge, view, as"
U017,S0377,Social Science,50,2024-11-15 17:13:46,3,Public Opinion,"strategy, although, television"
U153,S0378,Information Technology,39,2024-10-23 03:49:21,2,Software Engineering,"alone, relationship, however"
U008,S0379,Automobile,48,2024-01-04 02:50:39,5,Customer Preferences,"central, should, line"
U036,S0380,Social Science,59,2023-12-14 05:15:57,5,Social Behavior,"husband, while, couple"
U283,S0381,Education,51,2024-08-15 07:25:33,1,Learning Methods,"five, in, bill"
U100,S0382,Business/Marketing,30,2024-08-06 20:59:40,4,Product Feedback,"south, leave, difference"
U147,S0383,Environment,44,2024-01-03 05:17:38,3,Renewable Energy,"five, spring, threat"
U222,S0384,Automobile,57,2024-09-18 18:47:15,3,Safety Features,"little, save, white"
U057,S0385,Agriculture,52,2024-05-28 07:02:51,3,Soil Health,"all, catch, join"
U138,S0386,Social Science,17,2024-09-19 21:29:08,3,Cultural Studies,"difference, per, similar"
U240,S0387,Social Science,16,2024-07-02 02:17:12,3,Social Behavior,"try, significant, as"
U187,S0388,Automobile,51,2024-08-20 16:27:21,4,Customer Preferences,"spend, natural, money"
U300,S0389,Information Technology,52,2024-10-31 12:16:01,2,Data Science,"white, treatment, young"
U147,S0390,Agriculture,12,2024-04-20 13:17:52,2,Soil Health,"hard, political, animal"
U119,S0391,Education,33,2024-11-10 14:55:30,5,Teacher Feedback,"draw, enjoy, hope"
U102,S0392,Healthcare,59,2024-09-11 01:07:02,3,Treatment Outcomes,"family, animal, election"
U084,S0393,Automobile,21,2024-04-08 14:39:05,2,Fuel Efficiency,"cultural, within, mouth"
U240,S0394,Education,13,2024-03-20 06:11:48,1,Teacher Feedback,"chair, particular, soon"
U028,S0395,Agriculture,47,2024-11-16 13:15:29,1,Soil Health,"set, past, create"
U237,S0396,Healthcare,51,2024-02-11 21:04:56,1,Public Health Awareness,"your, every, present"
U109,S0397,Healthcare,22,2024-11-05 20:23:57,1,Treatment Outcomes,"like, ten, painting"
U169,S0398,Social Science,46,2024-05-01 15:01:15,4,Public Opinion,"likely, person, sort"
U209,S0399,Education,43,2024-01-03 21:42:25,2,Curriculum Effectiveness,"however, present, similar"
U269,S0400,Automobile,44,2024-12-05 11:17:34,3,Electric Vehicle Adoption,"window, group, they"
U101,S0401,Agriculture,20,2024-10-06 00:35:58,1,Pest Control,"when, his, decade"
U145,S0402,Business/Marketing,58,2024-10-23 18:48:14,2,Market Trends,"certainly, example, current"
U014,S0403,Environment,18,2024-06-27 17:56:43,3,Waste Management,"fly, blue, old"
U075,S0404,Automobile,54,2024-08-30 09:57:37,3,Electric Vehicle Adoption,"trade, join, rise"
U002,S0405,Education,52,2023-12-24 14:10:46,4,Teacher Feedback,"resource, factor, audience"
U025,S0406,Agriculture,54,2024-07-10 21:09:08,3,Crop Yield Methods,"ask, hard, student"
U294,S0407,Social Science,27,2024-03-31 19:38:41,3,Social Behavior,"live, figure, two"
U290,S0408,Automobile,27,2024-11-13 00:40:15,2,Safety Features,"hit, treat, season"
U182,S0409,Healthcare,48,2024-06-28 22:02:31,2,Mental Health,"contain, financial, scene"
U154,S0410,Social Science,42,2024-01-07 18:53:57,5,Public Opinion,"owner, ok, close"
U152,S0411,Business/Marketing,14,2024-09-02 16:51:02,5,Consumer Behavior,"think, range, make"
U221,S0412,Information Technology,52,2024-07-19 04:14:57,5,Software Usability,"particular, so, series"
U106,S0413,Information Technology,51,2024-05-24 03:03:36,4,Embedded Systems,"value, turn, run"
U153,S0414,Healthcare,55,2024-01-05 22:51:00,4,Mental Health,"perform, energy, in"
U194,S0415,Education,51,2024-09-07 00:12:14,4,Student Engagement,"trouble, already, cup"
U276,S0416,Social Science,48,2024-03-29 18:15:30,1,Social Behavior,"church, enjoy, carry"
U092,S0417,Social Science,27,2024-04-23 14:05:42,5,Cultural Studies,"us, third, white"
U177,S0418,Healthcare,57,2024-04-29 15:47:59,1,Mental Health,"in, box, every"
U085,S0419,Social Science,56,2024-07-21 18:23:31,1,Social Behavior,"court, material, responsibility"
U036,S0420,Social Science,42,2024-08-21 18:03:06,2,Cultural Studies,"mouth, wall, common"
U224,S0421,Information Technology,37,2024-06-07 16:27:43,3,Software Usability,"time, rich, just"
U158,S0422,Business/Marketing,44,2024-06-05 14:20:41,3,Product Feedback,"learn, myself, blue"
U271,S0423,Healthcare,16,2024-06-10 10:05:57,3,Patient Satisfaction,"admit, suffer, court"
U243,S0424,Business/Marketing,60,2024-07-04 12:48:56,3,Product Feedback,"focus, bit, simply"
U279,S0425,Business/Marketing,45,2024-04-26 10:34:42,1,Market Trends,"music, above, store"
U183,S0426,Business/Marketing,10,2024-04-20 06:33:59,2,Consumer Behavior,"best, collection, present"
U109,S0427,Environment,12,2024-07-28 05:19:03,5,Waste Management,"shake, rule, test"
U189,S0428,Environment,55,2024-02-28 12:51:39,2,Waste Management,"national, car, government"
U054,S0429,Education,30,2024-05-31 08:37:28,3,Student Engagement,"small, point, now"
U140,S0430,Healthcare,45,2024-03-25 20:13:09,1,Mental Health,"west, phone, maybe"
U064,S0431,Education,57,2024-01-13 16:50:13,3,Teacher Feedback,"blood, amount, when"
U093,S0432,Business/Marketing,35,2024-11-06 06:33:42,4,Market Trends,"health, protect, inside"
U086,S0433,Information Technology,52,2024-03-06 02:54:24,2,Cybersecurity,"state, director, without"
U170,S0434,Automobile,29,2024-11-18 12:11:45,3,Customer Preferences,"term, race, expert"
U142,S0435,Social Science,19,2024-03-09 12:09:26,1,Social Behavior,"name, vote, ask"
U055,S0436,Business/Marketing,50,2024-08-27 18:21:19,5,Product Feedback,"south, doctor, live"
U205,S0437,Automobile,26,2024-09-26 21:22:37,4,Electric Vehicle Adoption,"radio, prepare, bag"
U114,S0438,Education,48,2024-04-20 07:54:07,4,Teacher Feedback,"country, father, of"
U250,S0439,Environment,43,2023-12-19 09:07:45,4,Renewable Energy,"base, collection, Democrat"
U242,S0440,Healthcare,46,2024-08-08 22:05:59,4,Patient Satisfaction,"ahead, color, field"
U012,S0441,Education,53,2024-02-05 03:11:24,3,Learning Methods,"north, age, agent"
U153,S0442,Healthcare,17,2024-04-21 16:11:35,3,Mental Health,"thank, difficult, mean"
U233,S0443,Business/Marketing,45,2024-07-18 09:56:11,2,Product Feedback,"report, talk, professor"
U231,S0444,Healthcare,52,2024-09-16 22:15:21,4,Mental Health,"if, stay, which"
U181,S0445,Social Science,18,2024-02-08 04:59:08,1,Public Opinion,"north, management, despite"
U272,S0446,Information Technology,28,2024-05-31 17:07:41,5,Artificial Intelligence,"enter, analysis, commercial"
U006,S0447,Healthcare,11,2024-09-15 11:01:17,4,Patient Satisfaction,"fire, fill, past"
U101,S0448,Information Technology,48,2024-09-18 10:05:21,4,Cybersecurity Awareness,"court, campaign, turn"
U292,S0449,Healthcare,57,2024-04-18 16:23:55,1,Treatment Outcomes,"win, lawyer, other"
U117,S0450,Social Science,13,2024-06-16 00:09:06,5,Cultural Studies,"know, home, contain"
U276,S0451,Information Technology,12,2024-05-08 20:11:50,1,Software Engineering,"behavior, subject, economic"
U214,S0452,Agriculture,25,2024-03-05 00:12:27,5,Soil Health,"past, trouble, sound"
U103,S0453,Information Technology,25,2024-05-14 21:23:30,1,Machine Learning,"evidence, hospital, hold"
U179,S0454,Education,24,2024-07-21 18:06:24,2,Learning Methods,"too, tonight, without"
U086,S0455,Information Technology,42,2024-10-19 23:46:43,3,Machine Learning,"whole, project, them"
U245,S0456,Automobile,15,2024-11-19 10:46:45,3,Electric Vehicle Adoption,"far, full, billion"
U024,S0457,Automobile,56,2024-10-08 00:02:25,1,Electric Vehicle Adoption,"financial, me, age"
U229,S0458,Business/Marketing,37,2024-03-20 17:30:47,5,Consumer Behavior,"top, senior, south"
U162,S0459,Automobile,50,2024-09-05 04:42:09,1,Fuel Efficiency,"simple, thing, series"
U034,S0460,Social Science,52,2024-08-06 16:02:08,1,Social Behavior,"product, protect, only"
U003,S0461,Education,57,2024-09-27 00:29:00,2,Learning Methods,"situation, whether, high"
U030,S0462,Social Science,34,2024-09-12 00:55:16,3,Social Behavior,"fear, term, why"
U135,S0463,Healthcare,48,2024-11-27 14:35:15,2,Mental Health,"card, difference, key"
U204,S0464,Business/Marketing,45,2024-06-16 17:07:06,2,Consumer Behavior,"police, wife, provide"
U153,S0465,Social Science,49,2024-03-30 11:58:19,2,Social Behavior,"hit, society, ten"
U161,S0466,Automobile,35,2024-01-25 09:05:54,3,Electric Vehicle Adoption,"the, parent, wind"
U155,S0467,Business/Marketing,16,2024-03-09 09:07:37,2,Consumer Behavior,"issue, into, recognize"
U123,S0468,Automobile,22,2024-01-22 01:10:14,4,Fuel Efficiency,"stop, item, full"
U299,S0469,Healthcare,16,2024-08-08 14:55:33,2,Treatment Outcomes,"now, turn, example"
U082,S0470,Social Science,18,2024-08-14 15:58:00,1,Cultural Studies,"news, level, consider"
U176,S0471,Education,30,2024-07-27 09:43:22,2,Learning Methods,"growth, task, government"
U228,S0472,Social Science,54,2024-01-27 23:06:47,4,Cultural Studies,"herself, wait, prepare"
U173,S0473,Information Technology,28,2024-07-28 02:44:03,2,Cybersecurity,"yes, positive, sure"
U148,S0474,Social Science,35,2023-12-18 06:21:06,5,Cultural Studies,"grow, learn, its"
U266,S0475,Education,34,2024-06-09 05:50:48,1,Curriculum Effectiveness,"strategy, myself, stay"
U096,S0476,Education,7,2024-10-24 04:12:36,2,Learning Methods,"nearly, education, increase"
U147,S0477,Agriculture,28,2024-10-10 05:10:25,4,Crop Yield Methods,"share, simple, remember"
U286,S0478,Automobile,53,2024-01-10 00:22:20,2,Electric Vehicle Adoption,"later, us, record"
U124,S0479,Social Science,41,2024-06-04 11:06:55,4,Social Behavior,"common, apply, card"
U291,S0480,Social Science,18,2024-05-10 17:14:51,5,Community Development,"notice, for, better"
U267,S0481,Healthcare,30,2024-02-25 02:55:43,5,Mental Health,"area, performance, management"
U203,S0482,Social Science,20,2024-11-11 18:27:04,2,Community Development,"turn, could, consider"
U035,S0483,Agriculture,46,2024-07-31 15:52:08,4,Crop Yield Methods,"develop, mouth, way"
U146,S0484,Agriculture,19,2024-11-30 04:34:47,4,Pest Control,"good, energy, long"
U275,S0485,Healthcare,48,2024-10-02 22:55:39,3,Mental Health,"report, woman, against"
U200,S0486,Education,7,2024-05-15 10:21:05,4,Teacher Feedback,"single, here, arm"
U281,S0487,Business/Marketing,51,2024-04-12 17:52:57,2,Market Trends,"him, fear, down"
U174,S0488,Education,11,2023-12-24 14:10:55,3,Student Engagement,"once, my, property"
U258,S0489,Agriculture,23,2024-02-22 06:45:07,2,Pest Control,"hit, meet, future"
U286,S0490,Healthcare,54,2024-06-13 06:17:57,5,Mental Health,"themselves, against, ready"
U235,S0491,Automobile,36,2024-05-06 09:48:01,5,Fuel Efficiency,"already, trial, board"
U109,S0492,Social Science,5,2023-12-21 05:09:41,5,Community Development,"hit, dog, everybody"
U119,S0493,Education,54,2024-06-21 23:19:19,5,Learning Methods,"live, eye, risk"
U240,S0494,Agriculture,7,2024-09-05 02:08:44,1,Crop Yield Methods,"risk, offer, subject"
U238,S0495,Healthcare,45,2024-11-15 15:49:14,4,Patient Satisfaction,"memory, family, theory"
U191,S0496,Automobile,48,2024-10-03 01:52:57,1,Electric Vehicle Adoption,"experience, type, mean"
U103,S0497,Business/Marketing,10,2024-07-09 07:47:48,1,Consumer Behavior,"foreign, enjoy, fight"
U080,S0498,Automobile,59,2024-06-22 03:40:42,3,Safety Features,"feeling, matter, in"
U145,S0499,Automobile,39,2024-01-25 15:37:08,2,Safety Features,"detail, peace, American"
U262,S0500,Education,56,2024-06-02 07:19:54,5,Curriculum Effectiveness,"another, yeah, land"
U300,S0501,Automobile,26,2023-12-23 17:58:41,3,Electric Vehicle Adoption,"move, artist, about"
U102,S0502,Information Technology,33,2024-01-27 10:23:19,1,Cybersecurity Awareness,"week, will, nature"
U031,S0503,Agriculture,35,2024-03-03 14:07:22,4,Crop Yield Methods,"institution, central, month"
U046,S0504,Education,32,2023-12-16 00:42:22,5,Learning Methods,"discussion, risk, either"
U103,S0505,Agriculture,22,2024-07-05 18:10:40,3,Pest Control,"official, staff, industry"
U095,S0506,Information Technology,45,2024-04-09 03:44:54,1,Cybersecurity Awareness,"also, over, without"
U285,S0507,Healthcare,20,2024-11-12 02:30:00,2,Public Health Awareness,"federal, middle, bank"
U172,S0508,Agriculture,35,2024-03-19 03:57:24,3,Farming Techniques,"machine, first, could"
U159,S0509,Education,47,2024-08-10 08:36:01,2,Teacher Feedback,"early, idea, none"
U148,S0510,Environment,33,2024-05-30 10:43:53,3,Climate Change Impact,"that, couple, front"
U055,S0511,Information Technology,25,2024-08-07 17:40:24,4,Cybersecurity Awareness,"place, candidate, professional"
U102,S0512,Education,59,2024-04-14 17:43:21,2,Student Engagement,"idea, view, region"
U292,S0513,Information Technology,10,2024-04-24 18:32:03,3,Artificial Intelligence,"paper, cultural, thus"
U281,S0514,Information Technology,7,2023-12-15 15:28:11,3,Embedded Systems,"thus, start, in"
U257,S0515,Information Technology,17,2024-10-22 11:26:48,4,Software Usability,"key, kind, campaign"
U274,S0516,Agriculture,48,2024-11-14 01:40:06,5,Pest Control,"majority, Republican, push"
U144,S0517,Healthcare,23,2024-06-08 16:00:21,4,Treatment Outcomes,"beyond, amount, main"
U099,S0518,Business/Marketing,45,2024-09-18 08:06:34,4,Consumer Behavior,"pick, end, rule"
U047,S0519,Social Science,11,2023-12-14 18:57:32,2,Cultural Studies,"about, wonder, collection"
U077,S0520,Business/Marketing,30,2024-05-14 17:06:13,3,Product Feedback,"per, toward, indicate"
U210,S0521,Environment,54,2024-01-01 12:30:37,3,Renewable Energy,"chance, how, have"
U176,S0522,Business/Marketing,11,2024-01-02 10:40:10,4,Consumer Behavior,"tree, PM, student"
U206,S0523,Information Technology,23,2024-02-28 22:29:23,5,Cybersecurity Awareness,"painting, example, home"
U148,S0524,Environment,41,2024-03-23 13:59:06,1,Climate Change Impact,"crime, group, left"
U167,S0525,Information Technology,54,2024-02-19 19:23:40,5,Cybersecurity Awareness,"their, clear, more"
U061,S0526,Social Science,55,2024-01-31 06:48:59,4,Social Behavior,"tonight, specific, important"
U067,S0527,Information Technology,50,2024-04-29 03:47:49,2,Cybersecurity Awareness,"trade, while, catch"
U001,S0528,Business/Marketing,30,2024-05-09 10:23:15,2,Consumer Behavior,"office, short, build"
U019,S0529,Agriculture,52,2024-10-25 20:06:36,2,Pest Control,"computer, trial, TV"
U143,S0530,Environment,16,2024-03-16 18:17:53,4,Climate Change Impact,"often, record, government"
U293,S0531,Environment,22,2024-01-03 15:36:45,3,Waste Management,"could, child, left"
U130,S0532,Healthcare,57,2024-11-18 21:08:32,1,Mental Health,"happen, mind, page"
U082,S0533,Social Science,31,2024-08-17 15:03:38,5,Public Opinion,"protect, fire, often"
U159,S0534,Environment,48,2024-04-17 06:17:33,3,Renewable Energy,"stage, argue, market"
U201,S0535,Business/Marketing,27,2024-02-12 15:51:30,3,Brand Awareness,"yard, by, role"
U213,S0536,Healthcare,8,2024-01-18 19:36:41,5,Public Health Awareness,"study, about, inside"
U218,S0537,Automobile,25,2023-12-18 06:17:52,2,Fuel Efficiency,"go, name, either"
U269,S0538,Business/Marketing,46,2024-07-16 22:09:14,4,Market Trends,"two, tonight, along"
U152,S0539,Information Technology,55,2024-06-26 21:51:25,1,Software Usability,"total, service, conference"
U273,S0540,Information Technology,49,2024-06-25 06:09:44,2,Machine Learning,"rule, enter, economic"
U086,S0541,Education,23,2024-01-15 06:56:50,2,Learning Methods,"raise, take, forget"
U072,S0542,Environment,34,2024-03-10 12:37:30,5,Sustainability Practices,"half, walk, military"
U060,S0543,Information Technology,35,2024-06-21 12:52:32,5,Cybersecurity Awareness,"through, policy, reality"
U216,S0544,Healthcare,14,2024-05-17 15:20:29,2,Mental Health,"begin, pretty, hospital"
U240,S0545,Business/Marketing,12,2023-12-23 20:13:40,2,Consumer Behavior,"today, amount, personal"
U140,S0546,Automobile,40,2024-07-18 06:04:08,3,Customer Preferences,"adult, many, much"
U108,S0547,Business/Marketing,20,2024-10-12 00:24:09,2,Market Trends,"reduce, talk, sound"
U061,S0548,Information Technology,21,2024-05-27 00:33:53,3,Data Science,"plan, pressure, campaign"
U062,S0549,Information Technology,33,2024-06-04 21:36:31,2,Cybersecurity,"quite, my, dream"
U133,S0550,Business/Marketing,26,2024-07-12 01:48:05,4,Consumer Behavior,"eight, trade, southern"
U257,S0551,Healthcare,26,2024-02-16 20:55:16,4,Public Health Awareness,"number, student, thank"
U291,S0552,Agriculture,19,2024-06-03 15:16:37,5,Pest Control,"me, statement, use"
U116,S0553,Education,58,2024-01-17 19:33:09,2,Curriculum Effectiveness,"chance, enough, present"
U149,S0554,Healthcare,37,2024-11-29 09:13:14,1,Treatment Outcomes,"sure, news, me"
U041,S0555,Education,16,2024-05-20 20:23:38,4,Curriculum Effectiveness,"suffer, know, local"
U297,S0556,Business/Marketing,44,2024-08-12 07:28:37,5,Consumer Behavior,"conference, board, dog"
U111,S0557,Information Technology,15,2024-07-06 14:29:36,4,AI Adoption,"five, example, movie"
U070,S0558,Education,28,2024-10-28 13:00:48,4,Curriculum Effectiveness,"section, nature, none"
U277,S0559,Agriculture,38,2024-10-13 11:57:29,4,Farming Techniques,"management, movement, modern"
U110,S0560,Environment,45,2024-11-21 14:39:37,5,Sustainability Practices,"better, future, yard"
U221,S0561,Education,6,2024-08-24 23:46:11,1,Teacher Feedback,"paper, remember, now"
U016,S0562,Environment,58,2024-07-09 16:15:53,5,Climate Change Impact,"find, skill, dark"
U149,S0563,Environment,42,2024-11-13 15:24:44,3,Sustainability Practices,"them, him, sea"
U216,S0564,Education,27,2024-11-11 05:11:19,2,Teacher Feedback,"grow, glass, should"
U165,S0565,Agriculture,46,2024-09-16 07:18:55,3,Soil Health,"hard, democratic, issue"
U197,S0566,Environment,14,2024-08-03 04:07:37,1,Climate Change Impact,"here, why, conference"
U294,S0567,Automobile,25,2024-08-25 04:43:07,1,Fuel Efficiency,"student, plant, staff"
U261,S0568,Social Science,5,2024-06-11 23:44:53,2,Public Opinion,"interview, let, speak"
U015,S0569,Business/Marketing,14,2024-05-02 21:53:28,2,Market Trends,"hold, check, chair"
U084,S0570,Social Science,28,2024-05-24 08:16:49,3,Community Development,"light, line, certainly"
U186,S0571,Healthcare,29,2024-02-11 23:51:37,3,Mental Health,"various, subject, buy"
U289,S0572,Healthcare,12,2024-03-25 17:23:15,2,Mental Health,"training, often, watch"
U135,S0573,Education,23,2024-06-29 18:31:43,1,Curriculum Effectiveness,"on, should, key"
U174,S0574,Environment,30,2024-03-01 16:59:23,1,Sustainability Practices,"range, war, must"
U092,S0575,Information Technology,45,2024-01-19 22:07:36,1,Data Science,"trial, such, resource"
U296,S0576,Healthcare,27,2024-07-24 23:57:10,2,Public Health Awareness,"yeah, why, chair"
U242,S0577,Information Technology,56,2024-02-14 23:12:10,4,Artificial Intelligence,"physical, several, think"
U103,S0578,Education,26,2024-11-30 11:39:15,2,Learning Methods,"part, win, boy"
U062,S0579,Healthcare,10,2024-09-12 01:15:51,2,Mental Health,"particular, alone, safe"
U197,S0580,Business/Marketing,30,2024-04-04 03:20:35,5,Consumer Behavior,"college, strategy, a"
U210,S0581,Healthcare,27,2024-07-18 22:08:42,3,Mental Health,"back, finally, focus"
U011,S0582,Agriculture,47,2024-06-04 08:56:27,5,Farming Techniques,"truth, power, may"
U162,S0583,Education,6,2023-12-22 02:58:27,5,Learning Methods,"own, I, sit"
U094,S0584,Healthcare,6,2024-07-10 10:53:58,3,Mental Health,"call, TV, general"
U033,S0585,Social Science,13,2024-05-19 11:15:21,3,Public Opinion,"music, yet, improve"
U246,S0586,Agriculture,55,2024-11-27 09:13:58,3,Soil Health,"leave, wind, increase"
U021,S0587,Education,35,2024-11-11 16:02:50,5,Curriculum Effectiveness,"management, education, discuss"
U267,S0588,Automobile,38,2024-10-25 07:41:33,4,Electric Vehicle Adoption,"budget, seven, interest"
U249,S0589,Information Technology,20,2024-08-27 09:22:29,5,Software Engineering,"major, customer, beat"
U051,S0590,Education,49,2024-02-24 23:07:54,4,Teacher Feedback,"effort, hear, building"
U169,S0591,Social Science,52,2024-12-05 00:02:39,4,Social Behavior,"what, use, student"
U229,S0592,Information Technology,32,2024-07-31 03:41:37,4,Machine Learning,"forget, themselves, particular"
U185,S0593,Information Technology,29,2024-09-22 08:16:27,1,Machine Learning,"man, end, line"
U102,S0594,Healthcare,42,2024-10-29 08:05:11,3,Patient Satisfaction,"culture, reach, tonight"
U196,S0595,Healthcare,21,2024-08-24 09:05:58,4,Public Health Awareness,"claim, worry, question"
U044,S0596,Automobile,43,2024-10-07 19:31:54,1,Safety Features,"least, southern, voice"
U026,S0597,Agriculture,17,2024-07-02 09:57:24,4,Pest Control,"certain, strategy, phone"
U295,S0598,Healthcare,46,2024-08-26 14:50:45,2,Patient Satisfaction,"key, by, group"
U115,S0599,Social Science,12,2024-12-10 06:36:03,4,Social Behavior,"service, way, your"
U283,S0600,Information Technology,25,2024-10-06 04:53:57,2,Software Engineering,"specific, his, although"
U128,S0601,Automobile,46,2024-05-30 10:58:57,2,Fuel Efficiency,"group, themselves, try"
U138,S0602,Automobile,52,2024-10-27 21:27:07,3,Safety Features,"key, believe, general"
U019,S0603,Business/Marketing,19,2024-08-03 18:34:50,3,Product Feedback,"adult, seat, set"
U051,S0604,Business/Marketing,33,2024-01-13 06:51:09,2,Market Trends,"law, so, indicate"
U095,S0605,Environment,10,2024-06-10 15:44:08,4,Sustainability Practices,"hospital, both, both"
U053,S0606,Social Science,51,2024-01-16 03:54:28,5,Cultural Studies,"drop, really, relationship"
U106,S0607,Healthcare,5,2024-12-04 10:53:46,4,Patient Satisfaction,"perhaps, Congress, individual"
U080,S0608,Information Technology,10,2024-10-17 04:34:43,5,Software Engineering,"phone, purpose, on"
U163,S0609,Education,14,2024-11-18 22:32:21,3,Student Engagement,"claim, reach, phone"
U112,S0610,Business/Marketing,34,2024-08-14 17:22:30,4,Product Feedback,"address, thought, reflect"
U233,S0611,Agriculture,40,2024-09-03 14:16:26,5,Soil Health,"sort, forward, model"
U208,S0612,Agriculture,21,2024-07-31 06:49:09,3,Crop Yield Methods,"industry, explain, range"
U212,S0613,Healthcare,27,2024-03-09 13:26:37,2,Public Health Awareness,"idea, beautiful, run"
U087,S0614,Information Technology,9,2024-05-18 20:38:34,5,Software Engineering,"he, meeting, eye"
U217,S0615,Education,24,2024-03-14 11:20:23,1,Curriculum Effectiveness,"yeah, contain, base"
U069,S0616,Business/Marketing,35,2024-08-30 10:04:32,5,Consumer Behavior,"remember, discover, many"
U286,S0617,Information Technology,29,2024-05-29 05:36:12,1,Software Usability,"election, arm, oil"
U107,S0618,Social Science,45,2024-04-13 00:52:51,3,Community Development,"candidate, law, evidence"
U047,S0619,Healthcare,31,2024-03-29 18:42:34,4,Treatment Outcomes,"catch, sit, course"
U243,S0620,Healthcare,29,2024-02-03 20:33:35,4,Mental Health,"new, central, difficult"
U217,S0621,Education,43,2024-02-17 09:55:21,2,Student Engagement,"set, particularly, lay"
U158,S0622,Environment,40,2024-02-20 11:43:10,4,Waste Management,"spring, including, teacher"
U153,S0623,Business/Marketing,8,2024-11-26 00:26:17,2,Market Trends,"article, cup, cut"
U184,S0624,Automobile,58,2024-12-01 00:52:02,3,Electric Vehicle Adoption,"performance, decision, talk"
U062,S0625,Social Science,39,2024-07-09 21:13:12,5,Community Development,"take, take, majority"
U290,S0626,Agriculture,39,2024-07-12 06:59:49,1,Farming Techniques,"only, we, and"
U290,S0627,Environment,36,2024-08-18 12:35:40,3,Climate Change Impact,"else, shoulder, on"
U091,S0628,Information Technology,43,2024-06-20 17:10:19,5,Cybersecurity,"hospital, rest, whole"
U073,S0629,Healthcare,47,2024-08-16 02:46:48,5,Mental Health,"which, decade, government"
U146,S0630,Education,43,2024-07-05 07:21:11,2,Teacher Feedback,"identify, consider, run"
U135,S0631,Information Technology,49,2024-11-14 00:13:22,1,AI Adoption,"opportunity, during, film"
U043,S0632,Business/Marketing,28,2024-01-05 18:51:22,3,Consumer Behavior,"lose, six, picture"
U225,S0633,Social Science,12,2024-10-06 19:15:44,4,Cultural Studies,"method, art, raise"
U020,S0634,Environment,52,2024-06-08 05:27:12,3,Renewable Energy,"issue, budget, pattern"
U132,S0635,Automobile,26,2024-06-18 01:40:18,1,Electric Vehicle Adoption,"her, between, himself"
U255,S0636,Education,13,2024-08-15 00:46:08,5,Learning Methods,"must, board, physical"
U074,S0637,Business/Marketing,23,2024-11-12 20:32:22,1,Consumer Behavior,"but, about, president"
U300,S0638,Business/Marketing,50,2023-12-29 03:12:41,5,Consumer Behavior,"drive, prevent, lay"
U057,S0639,Environment,18,2024-10-17 04:33:19,4,Climate Change Impact,"popular, possible, point"
U190,S0640,Social Science,24,2024-04-22 17:30:04,1,Social Behavior,"serve, evening, throughout"
U079,S0641,Healthcare,37,2024-04-07 16:22:16,4,Public Health Awareness,"example, tend, relationship"
U139,S0642,Social Science,36,2024-11-12 20:10:25,4,Public Opinion,"industry, in, picture"
U294,S0643,Social Science,57,2024-10-13 11:45:16,2,Cultural Studies,"per, community, court"
U113,S0644,Social Science,57,2024-09-09 11:26:46,3,Community Development,"low, region, all"
U235,S0645,Automobile,13,2024-04-23 14:56:38,1,Fuel Efficiency,"treatment, employee, coach"
U243,S0646,Business/Marketing,13,2024-07-28 04:13:27,5,Consumer Behavior,"probably, manage, cut"
U148,S0647,Environment,50,2024-08-02 22:44:36,3,Renewable Energy,"time, remember, strategy"
U208,S0648,Environment,14,2024-06-05 17:16:11,5,Sustainability Practices,"eat, can, real"
U229,S0649,Healthcare,56,2024-06-01 15:15:25,1,Treatment Outcomes,"easy, foreign, natural"
U240,S0650,Social Science,57,2024-05-16 09:24:36,1,Community Development,"each, with, theory"
U290,S0651,Social Science,52,2024-03-21 20:19:00,3,Cultural Studies,"consider, way, beat"
U208,S0652,Healthcare,6,2024-06-24 23:32:08,3,Mental Health,"public, whom, hear"
U226,S0653,Agriculture,39,2024-02-19 11:04:44,1,Crop Yield Methods,"finally, adult, authority"
U228,S0654,Business/Marketing,40,2024-06-22 17:25:31,3,Market Trends,"seven, public, wife"
U176,S0655,Healthcare,22,2024-10-20 04:02:52,4,Public Health Awareness,"more, because, public"
U049,S0656,Agriculture,27,2024-06-25 19:58:14,2,Crop Yield Methods,"my, someone, single"
U237,S0657,Information Technology,7,2024-03-31 20:53:43,2,Data Science,"notice, somebody, strong"
U257,S0658,Agriculture,21,2024-07-01 14:26:07,1,Farming Techniques,"ahead, reduce, civil"
U103,S0659,Agriculture,24,2024-08-10 02:38:36,5,Pest Control,"happen, figure, in"
U144,S0660,Information Technology,31,2023-12-21 22:01:17,2,Machine Learning,"worry, sister, course"
U167,S0661,Environment,13,2024-04-21 11:42:27,5,Renewable Energy,"American, low, guy"
U194,S0662,Information Technology,47,2024-08-26 19:00:42,5,Machine Learning,"list, respond, sea"
U016,S0663,Business/Marketing,57,2024-10-12 00:18:49,1,Product Feedback,"nothing, organization, similar"
U078,S0664,Environment,11,2024-02-28 11:20:25,2,Sustainability Practices,"clearly, often, job"
U165,S0665,Business/Marketing,11,2024-09-13 11:12:20,5,Market Trends,"against, expect, together"
U039,S0666,Business/Marketing,60,2024-04-30 08:56:46,2,Product Feedback,"middle, chance, yes"
U192,S0667,Automobile,54,2024-04-10 17:04:46,3,Fuel Efficiency,"ground, challenge, benefit"
U153,S0668,Education,11,2024-05-16 13:33:35,5,Learning Methods,"expect, either, always"
U170,S0669,Agriculture,32,2024-03-25 07:59:35,1,Soil Health,"pick, window, alone"
U086,S0670,Information Technology,5,2024-03-21 10:49:28,1,Artificial Intelligence,"effort, decision, international"
U233,S0671,Healthcare,13,2024-04-26 03:52:07,1,Treatment Outcomes,"either, last, drive"
U140,S0672,Education,35,2024-11-16 07:53:34,5,Teacher Feedback,"institution, ball, western"
U128,S0673,Education,12,2023-12-21 07:50:03,4,Teacher Feedback,"eight, court, likely"
U104,S0674,Social Science,60,2023-12-26 02:41:05,1,Public Opinion,"myself, media, day"
U023,S0675,Education,17,2024-06-09 09:35:51,3,Curriculum Effectiveness,"laugh, western, bit"
U061,S0676,Healthcare,11,2024-06-21 14:50:43,3,Mental Health,"note, ahead, accept"
U073,S0677,Agriculture,7,2024-10-31 08:37:29,2,Soil Health,"during, nice, save"
U078,S0678,Environment,36,2024-03-25 03:38:51,1,Climate Change Impact,"bit, education, perform"
U230,S0679,Information Technology,38,2024-10-28 23:35:03,4,Data Science,"watch, author, hand"
U198,S0680,Agriculture,10,2024-05-03 20:28:05,3,Farming Techniques,"someone, lead, ten"
U002,S0681,Business/Marketing,27,2024-09-25 17:51:40,4,Brand Awareness,"gas, visit, sign"
U103,S0682,Social Science,55,2024-09-05 03:07:46,5,Public Opinion,"we, task, over"
U088,S0683,Education,22,2024-05-27 10:33:18,3,Curriculum Effectiveness,"myself, author, another"
U098,S0684,Healthcare,43,2024-04-04 22:25:23,1,Public Health Awareness,"first, find, commercial"
U083,S0685,Agriculture,32,2024-11-17 17:55:12,4,Crop Yield Methods,"century, him, option"
U021,S0686,Agriculture,46,2024-07-03 22:25:27,4,Pest Control,"report, issue, we"
U105,S0687,Healthcare,45,2024-10-08 21:18:17,1,Treatment Outcomes,"even, matter, hotel"
U063,S0688,Business/Marketing,49,2024-03-03 23:47:52,1,Market Trends,"author, star, back"
U167,S0689,Information Technology,20,2024-08-02 16:37:34,5,Cybersecurity,"might, herself, defense"
U283,S0690,Information Technology,29,2024-01-29 00:30:54,2,Cybersecurity Awareness,"happy, woman, some"
U230,S0691,Social Science,7,2023-12-16 22:27:48,1,Community Development,"become, hundred, strong"
U025,S0692,Environment,44,2024-01-14 16:08:22,2,Renewable Energy,"leave, charge, stand"
U210,S0693,Education,7,2024-11-11 16:59:21,1,Learning Methods,"partner, political, look"
U197,S0694,Healthcare,59,2024-10-08 17:17:07,4,Public Health Awareness,"admit, exist, discover"
U015,S0695,Automobile,5,2024-07-11 09:26:50,4,Customer Preferences,"nor, recent, generation"
U082,S0696,Information Technology,10,2024-04-26 06:47:19,2,AI Adoption,"bed, pick, place"
U218,S0697,Healthcare,18,2024-08-28 09:01:15,3,Mental Health,"might, could, laugh"
U021,S0698,Education,22,2024-06-22 02:00:32,4,Learning Methods,"spring, step, tax"
U203,S0699,Social Science,14,2024-11-08 17:10:04,4,Social Behavior,"seat, test, I"
U208,S0700,Environment,39,2024-05-01 11:50:00,5,Waste Management,"fall, when, board"
U082,S0701,Education,32,2024-08-07 23:16:00,3,Learning Methods,"audience, they, page"
U142,S0702,Environment,26,2024-06-20 03:20:04,2,Renewable Energy,"strong, throughout, dog"
U296,S0703,Automobile,49,2024-04-20 13:43:29,4,Customer Preferences,"girl, option, tax"
U002,S0704,Education,24,2024-11-27 00:34:03,1,Curriculum Effectiveness,"admit, much, forget"
U191,S0705,Social Science,23,2024-10-10 15:28:28,4,Community Development,"reality, human, stock"
U284,S0706,Agriculture,40,2024-04-22 15:57:32,3,Crop Yield Methods,"order, man, that"
U129,S0707,Information Technology,13,2024-04-04 00:22:06,2,Software Engineering,"computer, type, walk"
U208,S0708,Automobile,51,2024-01-16 17:02:31,1,Fuel Efficiency,"machine, along, sell"
U130,S0709,Agriculture,31,2024-10-02 10:16:55,2,Farming Techniques,"listen, build, similar"
U283,S0710,Agriculture,55,2024-11-04 20:04:42,5,Crop Yield Methods,"argue, our, raise"
U105,S0711,Healthcare,52,2024-01-17 00:50:59,4,Mental Health,"explain, defense, can"
U258,S0712,Automobile,11,2024-09-21 02:15:14,2,Customer Preferences,"sell, toward, simple"
U257,S0713,Agriculture,48,2024-07-10 05:34:32,2,Farming Techniques,"major, street, mission"
U001,S0714,Information Technology,43,2024-03-01 04:37:24,3,Data Science,"want, thank, six"
U197,S0715,Environment,25,2024-02-07 22:13:15,4,Waste Management,"represent, response, season"
U208,S0716,Business/Marketing,27,2024-03-01 10:49:02,1,Market Trends,"home, ability, piece"
U182,S0717,Environment,14,2024-03-16 18:11:25,1,Waste Management,"party, down, enjoy"
U204,S0718,Environment,10,2024-04-27 22:48:01,2,Renewable Energy,"make, according, author"
U144,S0719,Agriculture,56,2024-08-01 09:51:37,1,Pest Control,"care, manage, best"
U017,S0720,Automobile,8,2024-02-04 15:39:06,5,Electric Vehicle Adoption,"whom, yeah, power"
U185,S0721,Healthcare,20,2024-08-23 15:13:41,5,Treatment Outcomes,"task, close, material"
U244,S0722,Information Technology,53,2024-01-14 16:37:47,4,AI Adoption,"born, day, partner"
U247,S0723,Social Science,33,2024-09-05 05:43:43,4,Community Development,"no, vote, able"
U108,S0724,Agriculture,23,2024-04-24 22:58:13,4,Farming Techniques,"mention, woman, small"
U055,S0725,Social Science,18,2024-05-21 02:15:00,2,Public Opinion,"job, turn, entire"
U233,S0726,Business/Marketing,5,2024-07-21 21:14:30,2,Market Trends,"bad, sort, water"
U054,S0727,Automobile,29,2024-05-20 14:00:40,5,Customer Preferences,"agent, a, under"
U092,S0728,Information Technology,29,2024-11-29 13:28:11,5,Embedded Systems,"magazine, figure, information"
U261,S0729,Social Science,46,2024-05-30 06:48:06,1,Public Opinion,"democratic, their, think"
U242,S0730,Agriculture,18,2024-05-24 04:15:22,1,Farming Techniques,"degree, manage, he"
U117,S0731,Healthcare,57,2024-06-20 03:43:23,3,Treatment Outcomes,"represent, we, education"
U149,S0732,Information Technology,33,2024-04-03 00:34:00,3,AI Adoption,"marriage, weight, my"
U152,S0733,Healthcare,24,2024-01-21 22:27:37,4,Public Health Awareness,"in, politics, entire"
U227,S0734,Agriculture,44,2024-03-12 23:19:24,2,Crop Yield Methods,"fly, hair, civil"
U025,S0735,Environment,49,2024-10-27 05:10:36,3,Waste Management,"home, capital, computer"
U068,S0736,Healthcare,28,2024-05-01 09:47:46,3,Patient Satisfaction,"him, shake, environment"
U119,S0737,Agriculture,17,2024-04-15 07:42:21,1,Farming Techniques,"cup, early, effect"
U123,S0738,Business/Marketing,54,2024-05-08 11:11:32,2,Brand Awareness,"rate, not, only"
U135,S0739,Education,56,2024-08-14 21:29:02,3,Teacher Feedback,"itself, human, small"
U059,S0740,Education,16,2024-07-25 07:57:04,2,Student Engagement,"good, social, adult"
U258,S0741,Automobile,34,2024-04-26 21:55:08,4,Safety Features,"seat, spend, follow"
U284,S0742,Social Science,33,2024-10-20 16:46:03,5,Social Behavior,"stage, door, remain"
U249,S0743,Education,14,2024-11-01 02:59:05,4,Curriculum Effectiveness,"even, oil, against"
U209,S0744,Business/Marketing,8,2024-04-02 16:51:31,1,Consumer Behavior,"price, side, owner"
U281,S0745,Agriculture,49,2024-07-21 15:37:27,5,Crop Yield Methods,"feeling, every, feel"
U047,S0746,Business/Marketing,44,2024-06-12 16:04:50,4,Market Trends,"determine, serve, they"
U218,S0747,Healthcare,33,2024-11-16 00:27:47,5,Mental Health,"picture, trade, we"
U240,S0748,Information Technology,5,2024-01-07 14:05:07,2,AI Adoption,"himself, society, development"
U272,S0749,Automobile,17,2024-01-20 06:49:26,5,Electric Vehicle Adoption,"according, politics, cover"
U169,S0750,Social Science,27,2024-01-15 04:58:06,4,Public Opinion,"environmental, thought, authority"
U235,S0751,Environment,50,2024-11-14 10:53:19,1,Sustainability Practices,"himself, guess, off"
U242,S0752,Information Technology,29,2024-10-23 09:17:14,3,Cybersecurity Awareness,"even, or, list"
U180,S0753,Information Technology,34,2024-01-24 05:25:48,3,Machine Learning,"imagine, whom, determine"
U135,S0754,Business/Marketing,52,2024-07-28 10:20:44,4,Market Trends,"national, find, blue"
U054,S0755,Social Science,60,2024-10-14 12:52:40,3,Social Behavior,"family, require, particular"
U267,S0756,Automobile,21,2024-10-15 09:01:33,5,Electric Vehicle Adoption,"successful, why, pressure"
U096,S0757,Agriculture,13,2024-11-24 14:46:28,3,Pest Control,"stuff, represent, news"
U277,S0758,Information Technology,17,2024-02-12 17:39:02,2,Machine Learning,"chance, plant, story"
U012,S0759,Healthcare,33,2024-03-04 17:22:54,2,Public Health Awareness,"person, happen, bad"
U008,S0760,Agriculture,16,2024-10-01 06:45:38,2,Pest Control,"consider, day, today"
U233,S0761,Information Technology,48,2024-12-08 05:23:39,2,Embedded Systems,"stop, over, true"
U034,S0762,Environment,23,2024-06-26 12:35:39,2,Sustainability Practices,"every, both, why"
U294,S0763,Healthcare,28,2024-03-17 07:45:13,1,Patient Satisfaction,"rest, word, kitchen"
U096,S0764,Agriculture,17,2024-01-01 17:30:59,3,Farming Techniques,"smile, question, better"
U247,S0765,Healthcare,10,2024-03-14 02:48:50,2,Public Health Awareness,"research, drive, together"
U096,S0766,Environment,27,2024-05-18 04:35:12,3,Climate Change Impact,"nearly, sure, stand"
U056,S0767,Agriculture,39,2024-05-03 21:14:49,3,Pest Control,"enter, minute, short"
U292,S0768,Automobile,53,2024-04-05 09:01:22,5,Electric Vehicle Adoption,"player, since, nearly"
U227,S0769,Education,60,2024-06-27 01:43:42,2,Student Engagement,"staff, usually, in"
U154,S0770,Agriculture,27,2024-02-06 07:56:06,4,Soil Health,"wonder, full, thus"
U084,S0771,Information Technology,41,2024-09-07 19:03:22,3,Cybersecurity,"score, significant, within"
U112,S0772,Environment,5,2023-12-14 21:45:15,2,Climate Change Impact,"need, house, according"
U184,S0773,Environment,18,2024-03-29 17:13:29,5,Waste Management,"while, rock, degree"
U024,S0774,Automobile,48,2024-06-26 11:27:57,3,Fuel Efficiency,"partner, church, within"
U207,S0775,Healthcare,9,2024-05-10 09:17:16,2,Mental Health,"keep, federal, huge"
U109,S0776,Automobile,10,2024-03-09 20:37:15,4,Fuel Efficiency,"size, so, statement"
U236,S0777,Environment,58,2024-08-26 06:40:17,5,Waste Management,"make, cut, mother"
U067,S0778,Business/Marketing,36,2024-03-18 19:41:32,2,Market Trends,"successful, manage, left"
U070,S0779,Education,7,2024-10-25 17:36:41,5,Student Engagement,"official, let, culture"
U150,S0780,Agriculture,23,2024-10-25 14:08:46,1,Farming Techniques,"yes, camera, far"
U110,S0781,Social Science,51,2024-10-27 15:48:49,3,Community Development,"role, factor, approach"
U028,S0782,Environment,57,2024-01-13 13:17:44,3,Sustainability Practices,"skin, analysis, property"
U123,S0783,Healthcare,53,2024-06-09 19:07:14,2,Treatment Outcomes,"throughout, production, fund"
U034,S0784,Agriculture,8,2024-07-25 21:20:28,2,Farming Techniques,"story, choice, teach"
U004,S0785,Environment,47,2024-12-03 20:55:52,5,Sustainability Practices,"discussion, company, detail"
U275,S0786,Business/Marketing,46,2024-09-15 09:07:48,3,Product Feedback,"sort, perhaps, place"
U134,S0787,Automobile,18,2024-08-05 22:30:48,2,Customer Preferences,"include, suggest, response"
U233,S0788,Environment,26,2024-01-02 16:42:18,4,Sustainability Practices,"hard, break, art"
U168,S0789,Social Science,35,2024-11-16 14:33:27,5,Cultural Studies,"watch, no, feel"
U004,S0790,Information Technology,38,2024-06-16 08:33:03,1,Cybersecurity,"child, discover, allow"
U125,S0791,Social Science,26,2024-05-01 03:48:15,1,Social Behavior,"sound, style, story"
U194,S0792,Automobile,6,2024-04-18 23:09:12,3,Customer Preferences,"cause, high, simple"
U259,S0793,Automobile,22,2024-06-14 06:05:38,5,Safety Features,"television, option, how"
U095,S0794,Information Technology,17,2024-11-02 00:05:16,2,Software Engineering,"its, state, table"
U161,S0795,Environment,59,2024-05-30 12:50:39,4,Climate Change Impact,"health, talk, sometimes"
U271,S0796,Education,40,2024-03-03 21:32:11,1,Teacher Feedback,"realize, final, choice"
U124,S0797,Healthcare,58,2023-12-16 15:20:54,3,Public Health Awareness,"year, hair, shake"
U026,S0798,Agriculture,34,2024-04-04 10:12:52,1,Farming Techniques,"result, customer, ok"
U187,S0799,Social Science,58,2024-10-09 22:14:53,5,Cultural Studies,"her, apply, on"
U166,S0800,Education,59,2024-11-14 07:24:23,4,Teacher Feedback,"fire, defense, together"
U240,S0801,Business/Marketing,28,2024-05-10 04:30:05,2,Consumer Behavior,"leg, start, pay"
U176,S0802,Social Science,45,2024-05-02 01:46:56,2,Public Opinion,"finally, poor, market"
U251,S0803,Education,7,2024-06-24 00:53:58,4,Teacher Feedback,"night, your, attorney"
U090,S0804,Automobile,16,2024-04-29 05:58:22,5,Electric Vehicle Adoption,"maybe, enough, often"
U249,S0805,Business/Marketing,42,2024-11-17 16:57:01,3,Market Trends,"me, network, and"
U161,S0806,Education,43,2024-07-14 19:57:45,5,Learning Methods,"trip, mission, wife"
U139,S0807,Social Science,43,2024-02-20 06:34:58,2,Public Opinion,"seem, something, movement"
U147,S0808,Information Technology,24,2023-12-26 07:11:00,3,AI Adoption,"take, industry, indicate"
U073,S0809,Social Science,58,2024-01-11 03:08:48,1,Public Opinion,"happy, building, two"
U143,S0810,Social Science,10,2024-04-28 01:07:59,4,Social Behavior,"energy, bit, treat"
U168,S0811,Information Technology,12,2024-10-15 09:56:18,2,Machine Learning,"explain, across, difference"
U128,S0812,Social Science,35,2024-10-03 17:54:25,1,Public Opinion,"clearly, southern, model"
U081,S0813,Business/Marketing,47,2024-04-13 07:03:05,4,Consumer Behavior,"approach, huge, skill"
U298,S0814,Agriculture,28,2024-12-09 07:24:50,4,Crop Yield Methods,"write, here, other"
U115,S0815,Social Science,23,2024-09-14 01:44:54,1,Public Opinion,"list, argue, performance"
U167,S0816,Social Science,39,2024-02-14 06:10:43,4,Community Development,"might, throughout, response"
U280,S0817,Agriculture,46,2024-12-02 10:02:40,5,Farming Techniques,"weight, example, three"
U187,S0818,Business/Marketing,15,2024-09-12 20:18:02,3,Product Feedback,"away, analysis, represent"
U190,S0819,Automobile,12,2024-09-23 06:57:42,2,Customer Preferences,"put, behavior, baby"
U193,S0820,Environment,14,2024-04-23 17:03:01,3,Climate Change Impact,"vote, moment, would"
U117,S0821,Environment,51,2024-08-29 19:28:00,5,Climate Change Impact,"something, behind, watch"
U149,S0822,Education,35,2024-11-22 21:46:33,4,Teacher Feedback,"base, notice, young"
U196,S0823,Automobile,37,2024-05-29 18:43:33,4,Safety Features,"special, size, outside"
U293,S0824,Social Science,19,2024-01-30 05:43:31,3,Social Behavior,"gas, force, feel"
U226,S0825,Business/Marketing,50,2024-06-19 00:28:34,1,Market Trends,"resource, ever, can"
U293,S0826,Education,8,2024-04-20 23:18:38,5,Student Engagement,"off, paper, shoulder"
U059,S0827,Healthcare,55,2024-01-09 00:30:07,4,Treatment Outcomes,"since, provide, individual"
U177,S0828,Agriculture,33,2024-11-02 13:28:17,3,Crop Yield Methods,"resource, factor, suffer"
U172,S0829,Healthcare,50,2024-04-19 16:51:42,1,Patient Satisfaction,"simply, herself, available"
U046,S0830,Business/Marketing,60,2024-01-23 17:48:45,2,Market Trends,"more, evidence, those"
U191,S0831,Social Science,22,2024-12-09 17:38:39,2,Social Behavior,"difference, lot, hair"
U209,S0832,Agriculture,21,2024-09-27 13:10:26,5,Pest Control,"sense, town, believe"
U086,S0833,Information Technology,41,2024-09-18 23:39:56,2,Embedded Systems,"college, difficult, success"
U203,S0834,Education,12,2024-03-14 02:10:55,5,Student Engagement,"where, peace, pressure"
U182,S0835,Healthcare,13,2024-12-09 11:23:47,4,Patient Satisfaction,"today, me, alone"
U274,S0836,Social Science,26,2024-04-29 08:01:06,1,Social Behavior,"set, yes, they"
U290,S0837,Social Science,48,2024-07-28 02:19:22,2,Cultural Studies,"effect, indeed, discussion"
U179,S0838,Agriculture,47,2024-05-05 05:22:28,3,Crop Yield Methods,"lawyer, under, trip"
U209,S0839,Business/Marketing,7,2024-10-31 16:32:59,1,Consumer Behavior,"page, have, less"
U031,S0840,Business/Marketing,44,2024-02-02 01:53:30,3,Market Trends,"increase, direction, action"
U160,S0841,Automobile,7,2024-03-12 01:19:58,4,Customer Preferences,"within, system, per"
U280,S0842,Education,6,2024-03-23 21:51:17,3,Teacher Feedback,"floor, surface, pull"
U290,S0843,Social Science,26,2024-08-12 01:23:23,3,Community Development,"cell, write, seem"
U133,S0844,Environment,42,2024-05-18 18:59:42,5,Climate Change Impact,"own, its, risk"
U039,S0845,Education,51,2024-05-28 10:46:54,4,Learning Methods,"pay, bar, image"
U275,S0846,Education,26,2024-03-28 00:05:47,5,Teacher Feedback,"me, why, game"
U163,S0847,Automobile,35,2024-08-12 02:40:25,5,Safety Features,"sound, action, southern"
U004,S0848,Environment,9,2024-03-17 17:39:37,2,Waste Management,"I, seat, mind"
U212,S0849,Business/Marketing,44,2024-09-26 20:10:12,1,Brand Awareness,"pick, should, individual"
U140,S0850,Agriculture,24,2024-06-27 17:34:06,5,Soil Health,"leave, term, present"
U031,S0851,Social Science,48,2024-06-19 08:38:11,2,Social Behavior,"across, environmental, risk"
U216,S0852,Environment,38,2024-07-03 04:05:46,2,Sustainability Practices,"course, room, like"
U129,S0853,Information Technology,47,2024-04-18 22:04:45,5,Software Engineering,"energy, water, Congress"
U172,S0854,Information Technology,56,2024-03-26 10:34:50,2,Machine Learning,"produce, close, young"
U075,S0855,Agriculture,23,2024-10-19 03:27:24,1,Pest Control,"available, series, account"
U152,S0856,Business/Marketing,49,2024-02-06 06:46:07,2,Product Feedback,"sister, power, drug"
U257,S0857,Education,23,2024-03-30 16:30:46,3,Learning Methods,"media, past, goal"
U126,S0858,Information Technology,5,2024-02-01 09:56:56,5,Cybersecurity Awareness,"when, whole, history"
U066,S0859,Automobile,6,2024-08-22 13:41:33,1,Safety Features,"must, alone, night"
U060,S0860,Agriculture,10,2024-11-05 03:30:57,4,Soil Health,"consider, contain, color"
U167,S0861,Healthcare,30,2024-05-07 22:03:24,5,Patient Satisfaction,"stuff, no, create"
U019,S0862,Information Technology,10,2024-11-08 16:06:21,1,Data Science,"study, just, mention"
U056,S0863,Agriculture,10,2024-11-07 06:51:01,5,Farming Techniques,"throw, build, with"
U148,S0864,Agriculture,52,2024-05-06 14:34:55,4,Crop Yield Methods,"itself, white, tend"
U260,S0865,Business/Marketing,50,2024-05-18 13:05:02,1,Market Trends,"trouble, ability, market"
U059,S0866,Information Technology,25,2024-03-10 22:17:36,3,Data Science,"mission, within, stay"
U296,S0867,Business/Marketing,54,2024-05-18 15:36:31,3,Market Trends,"sister, worry, especially"
U217,S0868,Education,51,2024-04-22 16:16:59,1,Learning Methods,"age, either, character"
U227,S0869,Automobile,28,2024-09-06 15:35:24,4,Electric Vehicle Adoption,"truth, relate, quickly"
U116,S0870,Automobile,48,2024-05-16 09:55:22,2,Electric Vehicle Adoption,"through, leg, technology"
U183,S0871,Environment,24,2024-06-29 21:02:27,5,Sustainability Practices,"apply, organization, question"
U174,S0872,Business/Marketing,60,2024-08-24 23:50:46,1,Brand Awareness,"physical, number, moment"
U282,S0873,Agriculture,19,2024-07-24 13:27:04,5,Farming Techniques,"idea, family, product"
U300,S0874,Business/Marketing,26,2024-12-06 13:19:12,4,Product Feedback,"piece, spring, teach"
U152,S0875,Agriculture,28,2024-06-11 04:26:46,4,Pest Control,"least, across, send"
U163,S0876,Business/Marketing,32,2023-12-28 04:26:11,5,Product Feedback,"effort, how, goal"
U283,S0877,Environment,31,2024-09-06 02:06:59,1,Waste Management,"next, power, kind"
U271,S0878,Education,59,2024-01-02 04:21:20,4,Learning Methods,"believe, rate, interesting"
U286,S0879,Information Technology,16,2023-12-27 00:59:49,4,Data Science,"institution, interview, seat"
U201,S0880,Automobile,24,2024-05-26 15:57:34,2,Customer Preferences,"million, me, rest"
U008,S0881,Information Technology,59,2024-11-29 11:18:07,3,AI Adoption,"design, service, relate"
U182,S0882,Agriculture,28,2024-04-07 10:03:59,1,Crop Yield Methods,"mouth, any, radio"
U127,S0883,Agriculture,17,2024-05-13 10:11:22,2,Pest Control,"wrong, know, probably"
U005,S0884,Information Technology,59,2024-05-30 00:33:09,1,Embedded Systems,"pattern, after, lot"
U264,S0885,Information Technology,42,2024-09-09 06:26:07,5,Cybersecurity,"to, long, international"
U012,S0886,Information Technology,35,2024-06-14 05:26:29,4,Machine Learning,"prove, debate, lot"
U091,S0887,Social Science,45,2024-05-10 23:15:09,3,Cultural Studies,"rich, money, rule"
U200,S0888,Automobile,18,2024-07-07 01:35:11,2,Customer Preferences,"what, while, game"
U016,S0889,Healthcare,7,2024-03-21 22:39:16,1,Patient Satisfaction,"bad, do, boy"
U264,S0890,Social Science,34,2024-07-30 21:28:23,2,Social Behavior,"show, bed, full"
U034,S0891,Social Science,9,2024-11-27 16:55:39,2,Public Opinion,"this, draw, money"
U183,S0892,Environment,10,2023-12-24 17:02:36,5,Renewable Energy,"share, ahead, few"
U091,S0893,Healthcare,18,2024-09-28 21:27:21,3,Treatment Outcomes,"better, expect, bring"
U113,S0894,Healthcare,59,2024-07-22 11:54:54,2,Public Health Awareness,"deep, begin, senior"
U015,S0895,Business/Marketing,59,2024-12-12 00:41:02,3,Consumer Behavior,"interest, road, attention"
U053,S0896,Environment,32,2024-07-02 12:31:12,5,Renewable Energy,"like, seek, she"
U010,S0897,Environment,45,2024-03-12 17:17:48,1,Sustainability Practices,"couple, card, right"
U048,S0898,Education,23,2024-08-25 17:45:19,4,Learning Methods,"interest, section, budget"
U190,S0899,Environment,38,2024-08-07 01:55:48,1,Climate Change Impact,"election, baby, staff"
U104,S0900,Automobile,45,2024-01-23 13:43:27,3,Customer Preferences,"tonight, expert, know"
U181,S0901,Environment,14,2024-01-01 23:39:15,3,Sustainability Practices,"officer, difficult, technology"
U046,S0902,Education,8,2024-05-18 12:12:00,2,Teacher Feedback,"much, then, by"
U026,S0903,Automobile,41,2024-04-19 21:43:44,4,Electric Vehicle Adoption,"there, idea, different"
U063,S0904,Environment,31,2023-12-18 04:01:04,3,Climate Change Impact,"grow, pull, old"
U035,S0905,Education,29,2024-08-26 03:48:04,4,Teacher Feedback,"method, occur, peace"
U028,S0906,Information Technology,54,2024-08-21 13:18:16,1,Software Usability,"turn, exactly, appear"
U200,S0907,Automobile,43,2024-07-17 14:49:36,5,Fuel Efficiency,"often, fly, her"
U056,S0908,Healthcare,13,2024-08-17 05:43:44,5,Mental Health,"business, chance, those"
U128,S0909,Information Technology,24,2024-07-25 15:29:08,2,Artificial Intelligence,"production, defense, main"
U115,S0910,Business/Marketing,32,2024-03-11 04:55:59,1,Brand Awareness,"peace, direction, low"
U172,S0911,Business/Marketing,44,2024-06-21 21:57:25,3,Brand Awareness,"something, tree, month"
U076,S0912,Automobile,36,2024-02-02 05:25:19,5,Safety Features,"exactly, figure, hand"
U280,S0913,Healthcare,38,2024-04-05 16:23:11,5,Treatment Outcomes,"pick, Mrs, participant"
U052,S0914,Environment,9,2024-01-16 05:08:15,2,Waste Management,"alone, send, produce"
U212,S0915,Education,10,2024-04-14 21:15:55,1,Learning Methods,"record, traditional, series"
U056,S0916,Business/Marketing,22,2024-01-03 07:39:43,4,Product Feedback,"language, ask, end"
U067,S0917,Education,14,2024-03-06 16:11:52,1,Learning Methods,"apply, particularly, break"
U121,S0918,Information Technology,27,2024-05-23 13:29:17,2,Cybersecurity Awareness,"require, yard, seat"
U152,S0919,Social Science,16,2024-11-13 18:55:27,1,Social Behavior,"price, relate, rich"
U294,S0920,Social Science,23,2024-04-17 19:13:41,1,Community Development,"special, character, plant"
U179,S0921,Agriculture,39,2024-09-24 08:58:30,3,Crop Yield Methods,"ago, traditional, any"
U224,S0922,Environment,29,2024-09-13 13:20:58,1,Renewable Energy,"part, physical, place"
U093,S0923,Social Science,33,2024-08-26 09:33:05,5,Social Behavior,"education, college, appear"
U010,S0924,Automobile,58,2024-01-15 19:01:56,5,Fuel Efficiency,"side, well, car"
U081,S0925,Automobile,54,2024-09-27 05:25:25,1,Electric Vehicle Adoption,"whom, central, see"
U053,S0926,Education,41,2024-06-09 22:34:42,2,Teacher Feedback,"project, TV, occur"
U098,S0927,Agriculture,57,2024-11-26 13:45:35,3,Pest Control,"always, participant, possible"
U232,S0928,Social Science,8,2023-12-29 08:43:57,3,Public Opinion,"left, everyone, open"
U209,S0929,Education,19,2024-08-15 09:11:45,1,Student Engagement,"party, talk, former"
U157,S0930,Agriculture,32,2024-05-19 16:15:00,3,Pest Control,"several, audience, notice"
U279,S0931,Agriculture,9,2024-04-08 23:04:02,3,Pest Control,"happy, address, piece"
U164,S0932,Environment,8,2024-10-24 05:58:37,4,Sustainability Practices,"benefit, tonight, huge"
U162,S0933,Information Technology,47,2024-12-06 17:40:22,4,Machine Learning,"make, floor, how"
U217,S0934,Business/Marketing,5,2024-07-30 21:26:02,2,Consumer Behavior,"and, raise, final"
U129,S0935,Education,32,2024-04-29 03:38:48,2,Teacher Feedback,"side, prepare, test"
U298,S0936,Healthcare,19,2024-01-06 21:56:17,2,Treatment Outcomes,"near, yes, apply"
U258,S0937,Education,35,2024-12-07 14:02:07,1,Learning Methods,"positive, player, across"
U294,S0938,Information Technology,14,2024-09-25 01:23:25,2,Cybersecurity,"cost, inside, impact"
U053,S0939,Automobile,54,2024-03-15 09:11:34,2,Electric Vehicle Adoption,"hot, boy, station"
U031,S0940,Environment,28,2024-09-29 08:19:41,2,Waste Management,"product, finish, strong"
U156,S0941,Automobile,36,2024-02-08 12:37:48,4,Customer Preferences,"relate, add, work"
U223,S0942,Business/Marketing,46,2024-04-25 18:57:57,3,Brand Awareness,"concern, forget, difficult"
U062,S0943,Environment,54,2024-03-13 17:51:18,5,Sustainability Practices,"return, year, different"
U282,S0944,Healthcare,24,2024-11-10 19:18:09,5,Public Health Awareness,"also, but, nature"
U082,S0945,Automobile,26,2024-06-14 07:12:47,3,Safety Features,"carry, our, catch"
U271,S0946,Environment,45,2024-04-15 01:47:06,3,Renewable Energy,"civil, practice, at"
U083,S0947,Business/Marketing,28,2024-08-16 15:34:23,1,Market Trends,"consumer, stand, suggest"
U115,S0948,Environment,52,2024-03-04 04:23:51,5,Waste Management,"especially, my, try"
U091,S0949,Social Science,43,2024-11-24 23:29:40,3,Cultural Studies,"interesting, gas, wonder"
U201,S0950,Education,15,2024-09-25 16:19:06,1,Learning Methods,"many, bit, market"
U190,S0951,Automobile,34,2024-01-03 14:43:42,4,Customer Preferences,"back, blood, attack"
U161,S0952,Information Technology,52,2024-02-13 13:59:19,4,Artificial Intelligence,"perhaps, hotel, contain"
U101,S0953,Environment,28,2024-11-17 17:51:40,3,Climate Change Impact,"short, event, field"
U088,S0954,Business/Marketing,9,2024-09-09 07:06:08,1,Brand Awareness,"meeting, such, difficult"
U158,S0955,Healthcare,16,2024-02-17 16:14:02,3,Public Health Awareness,"play, some, need"
U248,S0956,Information Technology,34,2024-04-26 04:12:08,1,Software Usability,"old, miss, health"
U047,S0957,Business/Marketing,45,2023-12-31 19:33:58,3,Consumer Behavior,"practice, cell, development"
U047,S0958,Agriculture,16,2024-07-24 04:56:38,1,Farming Techniques,"month, guess, sit"
U003,S0959,Information Technology,44,2024-10-04 12:58:29,5,AI Adoption,"weight, kind, whether"
U008,S0960,Social Science,55,2024-09-20 17:06:39,5,Cultural Studies,"heart, over, gun"
U220,S0961,Education,19,2024-03-05 19:07:13,3,Student Engagement,"body, debate, mind"
U289,S0962,Business/Marketing,58,2024-11-29 02:25:19,4,Consumer Behavior,"successful, clear, focus"
U283,S0963,Agriculture,22,2024-02-19 19:48:58,3,Soil Health,"need, worker, make"
U118,S0964,Education,39,2024-12-06 13:08:25,2,Learning Methods,"model, TV, check"
U225,S0965,Social Science,58,2024-11-11 21:37:45,1,Social Behavior,"rule, director, myself"
U238,S0966,Automobile,9,2024-11-13 20:10:10,2,Safety Features,"try, evidence, player"
U002,S0967,Business/Marketing,47,2023-12-23 14:59:41,1,Market Trends,"rule, yard, drop"
U215,S0968,Social Science,18,2024-06-08 04:29:37,1,Cultural Studies,"its, end, hundred"
U104,S0969,Automobile,8,2024-11-20 06:43:24,1,Fuel Efficiency,"relationship, back, choose"
U023,S0970,Automobile,45,2024-10-01 17:41:38,4,Fuel Efficiency,"happy, customer, pressure"
U197,S0971,Agriculture,49,2024-08-29 02:07:11,3,Pest Control,"take, address, direction"
U004,S0972,Education,23,2024-05-03 13:14:15,2,Curriculum Effectiveness,"standard, now, response"
U151,S0973,Social Science,50,2024-03-11 18:55:00,1,Public Opinion,"speak, approach, respond"
U005,S0974,Automobile,12,2024-07-23 15:29:09,5,Electric Vehicle Adoption,"shoulder, a, decade"
U194,S0975,Automobile,38,2024-04-12 23:45:43,5,Electric Vehicle Adoption,"all, share, protect"
U035,S0976,Education,13,2024-10-11 07:24:03,3,Learning Methods,"develop, finish, Mrs"
U067,S0977,Healthcare,43,2024-03-30 17:14:08,4,Public Health Awareness,"the, billion, two"
U103,S0978,Education,10,2024-04-18 14:03:37,3,Curriculum Effectiveness,"society, produce, religious"
U018,S0979,Information Technology,49,2024-04-06 17:59:10,3,Software Usability,"majority, teach, off"
U211,S0980,Automobile,55,2024-06-02 15:27:53,2,Safety Features,"type, person, debate"
U043,S0981,Environment,26,2024-06-21 01:08:47,5,Renewable Energy,"rest, force, first"
U236,S0982,Healthcare,25,2024-11-08 10:31:10,4,Mental Health,"pay, door, then"
U257,S0983,Business/Marketing,23,2024-05-25 06:14:02,1,Product Feedback,"necessary, success, game"
U155,S0984,Automobile,49,2024-01-21 14:58:56,2,Fuel Efficiency,"day, receive, building"
U256,S0985,Information Technology,14,2024-03-15 01:56:54,5,AI Adoption,"might, what, point"
U227,S0986,Business/Marketing,22,2024-10-24 15:36:24,5,Product Feedback,"open, explain, eight"
U152,S0987,Healthcare,54,2024-12-03 07:02:24,3,Patient Satisfaction,"general, next, now"
U162,S0988,Business/Marketing,30,2024-03-31 14:26:06,2,Consumer Behavior,"relate, throw, man"
U106,S0989,Education,34,2024-10-04 04:20:53,5,Teacher Feedback,"bill, operation, mother"
U099,S0990,Environment,25,2024-10-23 11:36:34,2,Renewable Energy,"she, be, across"
U046,S0991,Information Technology,57,2023-12-21 01:35:46,1,Cybersecurity Awareness,"paper, hit, Mrs"
U161,S0992,Healthcare,30,2024-11-08 20:35:05,4,Mental Health,"laugh, little, stage"
U124,S0993,Healthcare,9,2024-06-13 16:18:12,5,Treatment Outcomes,"conference, environment, purpose"
U253,S0994,Social Science,7,2024-02-06 15:49:28,4,Public Opinion,"others, fine, single"
U101,S0995,Environment,34,2024-08-24 08:41:38,4,Renewable Energy,"science, cost, wife"
U266,S0996,Automobile,17,2024-05-13 00:50:09,2,Fuel Efficiency,"become, speech, sell"
U260,S0997,Social Science,21,2024-08-21 18:59:27,5,Community Development,"amount, huge, why"
U012,S0998,Information Technology,22,2024-10-03 15:37:05,5,Cybersecurity,"example, similar, prove"
U264,S0999,Automobile,12,2024-06-26 19:21:33,2,Electric Vehicle Adoption,"check, loss, position"
U147,S1000,Information Technology,21,2024-10-01 05:56:24,3,Software Engineering,"region, rich, read"
